:020000040800F2
:100000000040042045120008D50F0008D90F000851
:10001000DD0F0008E10F0008E50F00089512000849
:10002000000000000000000000000000E90F0008D0
:10003000ED0F000800000000F10F0008F50F0008A8
:1000400095120008951200089512000895120008F4
:1000500095120008951200089512000895120008E4
:1000600095120008951200089512000895120008D4
:1000700095120008951200089512000895120008C4
:1000800095120008951200089512000895120008B4
:1000900095120008951200089512000895120008A4
:1000A0009512000895120008951200089512000894
:1000B0009512000895120008951200089512000884
:1000C0009512000895120008951200089512000874
:1000D0000000000095120008951200089512000813
:1000E0009512000895120008951200089512000854
:1000F0009512000895120008951200089512000844
:100100009512000895120008F90F000895120008D2
:100110009512000895120008951200089512000823
:100120009512000895120008951200089512000813
:100130009512000895120008951200089512000803
:1001400095120008951200089512000895120008F3
:1001500095120008951200089512000895120008E3
:1001600000000000000000000D10000895120008BB
:1001700095120008951200089512000895120008C3
:100180009512000895120008951200080000000062
:1001900000000000951200080000000000000000B0
:1001A00000000000000000009512000895120008F1
:1001B0009512000895120008951200089512000883
:1001C00095120008951200080000000000000000D1
:1001D0000000000000000000000000009512000870
:1001E00095120008951200080000000000000000B1
:1001F00095120008951200089512000800000000F2
:100200000000000095120008951200080000000090
:100210000000000095120008000000009512000880
:100220009512000800000000000000009512000870
:10023000951200080000000000000000000000000F
:1002400000000000000000000000000095120008FF
:0402500095120008FB
:1002580010B5054C237833B9044B13B10448AFF3F8
:1002680000800123237010BDC002002000000000A0
:100278004CB4000808B5034B1BB103490348AFF35E
:10028800008008BD00000000C40200204CB4000833
:10029800034613F8012B002AFBD1181A01387047BE
:1002A80081F0004102E000BF83F0004330B54FEA1F
:1002B80041044FEA430594EA050F08BF90EA020F8C
:1002C8001FBF54EA000C55EA020C7FEA645C7FEA1F
:1002D800655C00F0E2804FEA5454D4EB5555B8BF42
:1002E8006D420CDD2C4480EA020281EA030382EAB3
:1002F800000083EA010180EA020281EA0303362D45
:1003080088BF30BD11F0004F4FEA01314FF4801C17
:100318004CEA113102D0404261EB410113F0004F29
:100328004FEA03334CEA133302D0524263EB4303E0
:1003380094EA050F00F0A780A4F10104D5F1200E7E
:100348000DDB02FA0EFC22FA05F2801841F10001D9
:1003580003FA0EF2801843FA05F359410EE0A5F1AD
:1003680020050EF1200E012A03FA0EFC28BF4CF0DE
:10037800020C43FA05F3C01851EBE37101F0004594
:1003880007D54FF0000EDCF1000C7EEB00006EEBA1
:100398000101B1F5801F1BD3B1F5001F0CD349082B
:1003A8005FEA30004FEA3C0C04F101044FEA445282
:1003B80012F5800F80F09A80BCF1004F08BF5FEA09
:1003C800500C50F1000041EB045141EA050130BDE9
:1003D8005FEA4C0C404141EB0101013C28BFB1F5FB
:1003E800801FE9D291F0000F04BF01460020B1FA46
:1003F80081F308BF2033A3F10B03B3F120020CDA19
:100408000C3208DD02F1140CC2F10C0201FA0CF0F6
:1004180021FA02F10CE002F11402D8BFC2F1200C5B
:1004280001FA02F120FA0CFCDCBF41EA0C01904011
:10043800E41AA2BF01EB0451294330BD6FEA04045A
:100448001F3C1CDA0C340EDC04F11404C4F1200245
:1004580020FA04F001FA02F340EA030021FA04F357
:1004680045EA030130BDC4F10C04C4F1200220FAAE
:1004780002F001FA04F340EA0300294630BD21FAEC
:1004880004F0294630BD94F0000F83F4801306BFB2
:1004980081F480110134013D4EE77FEA645C18BFA6
:1004A8007FEA655C29D094EA050F08BF90EA020F3D
:1004B80005D054EA000C04BF1946104630BD91EA35
:1004C800030F1EBF0021002030BD5FEA545C05D138
:1004D8004000494128BF41F0004130BD14F5800477
:1004E8003CBF01F5801130BD01F0004545F0FE41EB
:1004F80041F470014FF0000030BD7FEA645C1ABF20
:10050800194610467FEA655C1CBF0B46024650EA56
:10051800013406BF52EA033591EA030F41F4002182
:1005280030BD00BF90F0000F04BF0021704730B508
:100538004FF4806404F132044FF000054FF00001DD
:1005480050E700BF90F0000F04BF0021704730B59E
:100558004FF4806404F1320410F0004548BF404273
:100568004FF000013EE700BF42004FEAE2014FEAC8
:1005780031014FEA02701FBF12F07F4393F07F4FA3
:1005880081F06051704732F07F4208BF704793F0A6
:100598007F4F04BF41F40021704730B54FF46074B9
:1005A80001F0004521F000411CE700BF50EA0102BC
:1005B80008BF704730B54FF000050AE050EA010265
:1005C80008BF704730B511F0004502D5404261EBD5
:1005D80041014FF4806404F132045FEA915C3FF416
:1005E800D8AE4FF003025FEADC0C18BF03325FEAB3
:1005F800DC0C18BF033202EBDC02C2F1200300FA64
:1006080003FC20FA02F001FA03FE40EA0E0021FA88
:1006180002F11444BDE600BF70B54FF0FF0C4CF476
:10062800E06C1CEA11541DBF1CEA135594EA0C0F28
:1006380095EA0C0F00F0DEF82C4481EA030621EA63
:100648004C5123EA4C5350EA013518BF52EA03359E
:1006580041F4801143F4801338D0A0FB02CE4FF050
:100668000005E1FB02E506F00042E0FB03E54FF080
:100678000006E1FB03569CF0000F18BF4EF0010E78
:10068800A4F1FF04B6F5007F64F5407404D25FEA74
:100698004E0E6D4146EB060642EAC62141EA555127
:1006A8004FEAC52040EA5E504FEACE2EB4F1FD0C69
:1006B80088BFBCF5E06F1ED8BEF1004F08BF5FEAE7
:1006C800500E50F1000041EB045170BD06F0004699
:1006D80046EA010140EA020081EA0301B4EB5C0446
:1006E800C2BFD4EB0C0541EA045170BD41F480113E
:1006F8004FF0000E013C00F3AB8014F1360FDEBF63
:10070800002001F0004170BDC4F10004203C35DA3E
:100718000C341BDC04F11404C4F1200500FA05F3C1
:1007280020FA04F001FA05F240EA020001F0004262
:1007380021F0004110EBD37021FA04F642EB0601D8
:100748005EEA430E08BF20EAD37070BDC4F10C0402
:10075800C4F1200500FA04F320FA05F001FA04F2C6
:1007680040EA020001F0004110EBD37041F10001B2
:100778005EEA430E08BF20EAD37070BDC4F12005BD
:1007880000FA05F24EEA020E20FA04F301FA05F225
:1007980043EA020321FA04F001F0004121FA04F2CD
:1007A80020EA020000EBD3705EEA430E08BF20EA9D
:1007B800D37070BD94F0000F0FD101F000464000D7
:1007C80041EB010111F4801F08BF013CF7D041EA59
:1007D800060195F0000F18BF704703F0004652005D
:1007E80043EB030313F4801F08BF013DF7D043EA2E
:1007F8000603704794EA0C0F0CEA135518BF95EAE4
:100808000C0F0CD050EA410618BF52EA4306D1D16A
:1008180081EA030101F000414FF0000070BD50EA89
:10082800410606BF1046194652EA430619D094EA13
:100838000C0F02D150EA013613D195EA0C0F05D1FD
:1008480052EA03361CBF104619460AD181EA030151
:1008580001F0004141F0FE4141F470014FF0000009
:1008680070BD41F0FE4141F4780170BD70B54FF0A4
:10087800FF0C4CF4E06C1CEA11541DBF1CEA135524
:1008880094EA0C0F95EA0C0F00F0A7F8A4EB050406
:1008980081EA030E52EA03354FEA013100F08880FD
:1008A8004FEA03334FF0805545EA131343EA1263C6
:1008B8004FEA022245EA111545EA10654FEA00267B
:1008C8000EF000419D4208BF964244F1FD0404F534
:1008D800407402D25B084FEA3202B61A65EB030590
:1008E8005B084FEA32024FF480104FF4002CB6EB4D
:1008F800020E75EB030E22BFB61A754640EA0C00CD
:100908005B084FEA3202B6EB020E75EB030E22BF0C
:10091800B61A754640EA5C005B084FEA3202B6EB4D
:10092800020E75EB030E22BFB61A754640EA9C000C
:100938005B084FEA3202B6EB020E75EB030E22BFDC
:10094800B61A754640EADC0055EA060E18D04FEA9A
:10095800051545EA16754FEA06164FEAC30343EA3A
:1009680052734FEAC2025FEA1C1CC0D111F4801F07
:100978000BD141EA00014FF000004FF0004CB6E700
:1009880011F4801F04BF01430020B4F1FD0C88BF9F
:10099800BCF5E06F3FF6AFAEB5EB030C04BFB6EBAA
:1009A800020C5FEA500C50F1000041EB045170BD9D
:1009B8000EF0004E4EEA113114EB5C04C2BFD4EBCA
:1009C8000C0541EA045170BD41F480114FF0000E4E
:1009D800013C90E645EA060E8DE60CEA135594EACA
:1009E8000C0F08BF95EA0C0F3FF43BAF94EA0C0FCD
:1009F8000AD150EA01347FF434AF95EA0C0F7FF442
:100A080025AF104619462CE795EA0C0F06D152EA95
:100A180003353FF4FDAE1046194622E750EA410679
:100A280018BF52EA43067FF4C5AE50EA41047FF48A
:100A38000DAF52EA43057FF4EBAE12E74FF0FF3CEF
:100A480006E000BF4FF0010C02E000BF4FF0010CC0
:100A58004DF804CD4FEA410C7FEA6C5C4FEA430C39
:100A680018BF7FEA6C5C1BD001B050EA410C0CBF88
:100A780052EA430C91EA030F02BF90EA020F0020EA
:100A8800704710F1000F91EA030F58BF994208BF51
:100A980090422CBFD8176FEAE37040F0010070470E
:100AA8004FEA410C7FEA6C5C02D150EA013C07D165
:100AB8004FEA430C7FEA6C5CD6D152EA033CD3D0B0
:100AC8005DF8040B704700BF8446104662468C46AA
:100AD8001946634600E000BF01B5FFF7B7FF0028DD
:100AE80048BF10F1000F01BD4DF808EDFFF7F4FF06
:100AF8000CBF012000205DF808FB00BF4DF808ED91
:100B0800FFF7EAFF34BF012000205DF808FB00BFB3
:100B18004DF808EDFFF7E0FF94BF012000205DF8D5
:100B280008FB00BF4DF808EDFFF7CEFF94BF01208A
:100B380000205DF808FB00BF4DF808EDFFF7C4FF83
:100B480034BF012000205DF808FB00BF4FEA410CCC
:100B58007FEA6C5C02D150EA013C0AD14FEA430CAF
:100B68007FEA6C5C02D152EA033C02D14FF00000EC
:100B780070474FF0010070474FEA410212F500122A
:100B880015D211D56FF47873B3EB625212D94FEACC
:100B9800C12343F0004343EA505311F0004F23FAB6
:100BA80002F018BF404270474FF00000704750EA0B
:100BB800013005D111F0004008BF6FF000407047C8
:100BC8004FF00000704700BF4A0011D212F5001222
:100BD80011D20DD56FF47873B3EB62520ED44FEA8D
:100BE800C12343F0004343EA505323FA02F070470D
:100BF8004FF00000704750EA013002D14FF0FF304B
:100C080070474FF0000070474FEA4102B2F1E043ED
:100C180024BFB3F5001CDCF1FE5C0DD901F0004CDB
:100C28004FEAC0024CEA5070B2F1004F40EB83002B
:100C380008BF20F00100704711F0804F21D113F157
:100C48003872BCBF01F00040704741F480114FEA90
:100C58005252C2F11802C2F1200C10FA0CF320FA19
:100C680002F018BF40F001004FEAC1234FEAD32336
:100C780003FA0CFC40EA0C0023FA02F34FEA4303A0
:100C8800CCE77FEA625307D150EA01331EBF4FF029
:100C9800FE4040F44000704701F0004040F0FE4044
:100CA80040F40000704700BF38B500220023044616
:100CB8000D46FFF723FF28B920462946BDE83840EE
:100CC80000F00AB8204605F1004100F005F840425E
:100CD80061EB410138BD00BFD0B500220B4B064681
:100CE8000F46FFF799FCFFF76FFF0446FFF71AFC62
:100CF8000022074BFFF790FC02460B463046394668
:100D0800FFF7D2FAFFF760FF2146D0BD0000F03DA3
:100D18000000F0417D2138B50F4800230122042549
:100D28005D2481611F21C0E90133C0E90D33C3602F
:100D380003828374C363094BC0E90922C0E90B220B
:100D48004561C4610360016200F01AFD00B938BD55
:100D5800BDE8384000F036B9DC02002000A40040AD
:100D680010B500210446BCB0D02208A8CDE9021174
:100D7800CDE90411069106F08EFF254B22689A42B0
:100D880001D03CB010BD9FED1C7B4FF4807308A8C8
:100D98008DED087B2D9302F01BFE40BB9FED186B79
:100DA8009FED197B09241B4B1B48D3F8A02002A9EF
:100DB80042F40072C3F8A020D3F8A02002F4007215
:100DC8000092009AD3F88C2042F00202C3F88C20DB
:100DD800D3F88C308DED026B03F0020301938DED97
:100DE800047B019B069400F0F9FE3CB010BD00F0B6
:100DF800E9F8D3E7AFF3008000000000040000002A
:100E08008001000002000000000000000000000057
:100E180000A40040000C024400040242F0B5002483
:100E280001228BB0CDE90444CDE906442B4B08944C
:100E3800D3F88C502A4F45F00405C3F88C50D3F8EA
:100E48008C50284E05F004050095009DD3F88C5071
:100E5800384645F08005C3F88C50D3F88C504FF4D1
:100E6800005105F080050195019DD3F88C5045F09F
:100E78000205C3F88C50D3F88C5005F00205029592
:100E8800029DD3F88C501543C3F88C50D3F88C309E
:100E9800032513400393039B00F06AFF2246304664
:100EA800032100F065FF4FF400520123CDE904232C
:100EB80000220023384604A9CDE90623002400F0C7
:100EC8008DFE03220123304604A9CDE90645CDE96C
:100ED800042300F083FE0BB0F0BD00BF000C0244F9
:100EE8000008024200040242002330B59DB0CDE95B
:100EF8000A33CDE90C33CDE90333CDE90533264A6E
:100F0800099302930E930793136943F03003136117
:100F1800136903F030030193019B53691B07FCD548
:100F28004FF4807402234FF4805130200F94202412
:100F38000022CDE91233CDE916331191189301211E
:100F48007D23082508900DEB04001593CDE91A229E
:100F580019951094149101F08DFF034608B172B6EB
:100F6800FEE71F2503240022CDE9043300230521D1
:100F780002A8CDE90254CDE9062302F0CDFA08B162
:100F880072B6FEE7054A136823F0300343F02003E6
:100F980013601DB030BD00BF0008024400200240AD
:100FA80008B500F0F1FAFFF79FFFFFF737FF00F0F1
:100FB800DDF800F029F9FFF7ADFE00F0D5F900F0F3
:100FC800DFF9FCE772B6FEE7704700BFFEE700BF37
:100FD800FEE700BFFEE700BFFEE700BFFEE700BF79
:100FE800704700BF704700BF704700BF00F0F2BAFB
:100FF80008B5034803F0DAFBBDE8084000F09EB9E5
:1010080048030020014800F0DFBF00BF9403002020
:101018000120704708B506F091FE162203464FF0EE
:10102800FF301A6008BD00BF08B506F087FE16231A
:101038000360FEE770B5161E07DD0C468D19AFF389
:10104800008004F8010BA542F9D1304670BD00BFFD
:1010580070B5161E07DD0C468D1914F8010BAFF399
:101068000080AC42F9D1304670BD00BF4FF0FF3070
:10107800704700BF4FF4005300204B60704700BF1B
:1010880001207047002070470D49034610B50D4AEE
:101098000D4C0868121B20B10344934207D80B601B
:1010A80010BD0A4C2046034493420C60F7D906F061
:1010B80045FE0C2203464FF0FF301A6010BD00BFFA
:1010C80040030020004004200004000030240020D9
:1010D800F0B4002201274FF000661D491D4CD1F8DD
:1010E80088301D4843F47003C1F888301B4B1C4DF1
:1010F8001F60DA611A621F683C401C609A62DA62FB
:101108001A6358639A63D8631A6458649A641868AF
:1011180020F4802018601A658E60AB6903F04043A4
:10112800B3F1404F01D0F0BC7047EB69DB0703D542
:101138000C4A0D4BEA60EB60094BF0BCDA6942F0EF
:101148000202DA61DA6942F00102DA61704700BF2F
:1011580000ED00E0E3EAE2EA80020101000C02444B
:10116800002002403B2A19087F6E5D4C0023632152
:1011780010B58022F924104884B0C0E90231CDE9C5
:10118800023301930D4B44608261036003F0D0F990
:1011980050B920220023084801A90192039303F0C3
:1011A800E9FB20B904B010BDFFF70CFFF1E7FFF72A
:1011B80009FF04B010BD00BF480300200014004020
:1011C8000F4B02689A4200D0704700220D4B00B5C1
:1011D800D3F89C1083B041F02001C3F89C10D3F8D9
:1011E8009C30322003F0200301931146019B00F04C
:1011F80015FA322003B05DF804EB00F04BBA00BFDB
:1012080000140040000C024402230821002210B5FB
:101218000848094CC37104600171C0F80930C0F86E
:101228000D2000F0B5FD00B910BDBDE81040FFF776
:10123800C9BE00BF94030020006001400D488546E8
:10124800FFF746FF0C480D490D4A002302E0D45829
:10125800C4500433C4188C42F9D30A4A0A4C0023F8
:1012680001E013600432A242FBD306F06DFDFFF7E4
:1012780097FEFEE70040042000000020C002002086
:1012880010B90008C002002030240020FEE700004A
:1012980008B5094800F0AAFB30B900220121064828
:1012A80000F020FC18B908BDFFF78CFEF5E7BDE893
:1012B8000840FFF787BE00BFDC020020034A116820
:1012C8004B1C023108BF00231360704778060020CA
:1012D8009FED117B1649002008B59FED116B4FF06B
:1012E800FF3381ED047B81ED067B4FF0690C9FEDA8
:1012F8000E7B104A08621048C2E9003381ED006B8A
:1013080081ED027B82F801C000F08AFB00B908BDBC
:10131800BDE80840FFF756BE0000000000000000CE
:10132800DF070000000000000000000008000000C7
:10133800880600207C060020DC02002008B5FFF7A4
:10134800BDFF42F21071064A13688B4202D801337E
:10135800136008BD0120002302491360087008BD0E
:10136800B0060020AD06002008B5044803F0B0F927
:1013780004F04AFABDE80840FFF78ABF4803002096
:1013880008B50A4B1A7842B10020094918700A7842
:1013980082F001020A70FFF79BFF0121054800F067
:1013A800EDFCBDE8084000F08FB800BFAD06002096
:1013B800AC060020000402422DE9F0410122344825
:1013C8000221CCB000F0D4FC6923324F324C78882B
:1013D80023707B7840BA062BBA881FFA80FC6370AA
:1013E80045D052BA92B24FEA4206B5B205F10301AE
:1013F8001FFA81F829D8033B012B0ED82748D7B20A
:101408003A4600EB4C0001A905F05CFC7F0032462F
:1014180001A9E01CA77006F0CCFC414646460535FC
:10142800ADB24F1C1C4805F0CBFB03462946A3551B
:1014380019481B0AE35504F0AFFC002202211448A6
:1014480000F096FC4CB0BDE8F081102BE5D10626E3
:101458001248F91D00EB4C00D2B205F04FFCD7F84A
:101468000230082507273146C4F80230DAE7062695
:1014780097E8030020600948A1800122391D00EB8C
:101488004C0005F03BFC082507273146CAE700BF9A
:1014980000040242E8090020B8080020B406002031
:1014A80010B50C4601462246044806F082FC01228B
:1014B8000349044B0C801A7010BD00BFE8090020D6
:1014C800E4090020B4080020054B1A782AB100214D
:1014D800044A19701278692A00D07047FFF76CBF68
:1014E800B4080020E809002070B5244E3278EAB12B
:1014F8004FF0E0231C69054614F0040418D04FF49B
:101508007A71B1FBF2F21E4B1C68B4FBF2F4204670
:1015180000F0CEF8044648B9024629464FF0FF309D
:1015280000F07CF8174B20461D6070BD012070BD8F
:1015380000F00CF9012817D002280BD00028E6D1BA
:101548004FF4FA5231780E4BB2FBF1F21C68B4FB3F
:10155800F2F4DCE74FF47A7231784FF40043B2FBCF
:10156800F1F2B3FBF2F4D2E74FF47A7231784FF428
:10157800FA43B2FBF1F2B3FBF2F4C8E7040000202F
:10158800000000200800002010B5032000F034F807
:1015980002F018F903460C4A0C48126A0C4902F08A
:1015A8000F02825C0420D3400B6000F091F80F20FA
:1015B800FFF79AFF10B10124204610BD0446FFF73B
:1015C80003FD204610BD00BF000C024468B40008AB
:1015D80000000020034A044B11681B780B44136079
:1015E800704700BF140B002004000020014B18684E
:1015F800704700BF140B00204FF6FF0C064903028A
:10160800CA6803F4E06302EA0C02134343F0BF63C1
:1016180043F40033CB60704700ED00E01B4B00B58E
:10162800DB68C3F30223C3F1070EBEF1040F03F115
:10163800040C28BF4FF0040EBCF1060F1CD9A3F10F
:10164800030C4FF0FF3303FA0CF322EA03024FF0C6
:10165800FF3303FA0EF321EA030303FA0CF31343EF
:101668001B010028DBB20ADB00F1604000F5614095
:1016780080F800335DF804FB00229446E7E7044A4B
:1016880000F00F00024413765DF804FB00ED00E063
:10169800FCEC00E0002807DB012300F01F01034AEF
:1016A80040098B4042F82030704700BF00E100E05D
:1016B800431EB3F1807F09D24FF0E022002053612E
:1016C8009061136943F00303136170470120704769
:1016D800042813D8DFE800F02A1A031213004FF089
:1016E800E0210B69184A23F004030B61D2F8E430B7
:1016F80023F00C0343F00803C2F8E43070474FF0BE
:10170800E022136943F00403136170474FF0E021AE
:101718000B690D4A23F004030B61D2F8E43023F07F
:101728000C0343F00403C2F8E43070474FF0E021A3
:101738000B69054A23F004030B61D2F8E43023F067
:101748000C03C2F8E4307047000C02444FF0E02369
:101758001B695B070FD4094BD3F8E40000F00C00B9
:10176800042806D0A0F10800B0FA80F04009400033
:101778007047012070470420704700BF000C0244E6
:10178800002800F015812DE9F04790F85C300446F8
:1017980003F0FF02002B73D02268936923F0100333
:1017A8009361FFF723FF054604E0FFF71FFF401B87
:1017B8000A285BD823689A691207F6D49A6942F016
:1017C80001029A61FFF712FF064604E0FFF70EFFD9
:1017D800801B0A284AD82568AB69DB07F6D5AB69B0
:1017E800794A43F002039542AB6100F0CF80237C35
:1017F800012BAB690CBF23F0400343F04003AB61FE
:10180800637C012BAB690CBF43F4804323F4804312
:10181800AB61A37C012BAB690CBF23F4805343F469
:101828008053AB61AB69A16823F440730B43AB6190
:10183800AB69E26823F0A403AB612B69012A23F0AA
:1018480010032B6121D022B3022AAB6900F0B280C9
:1018580043F08003AB612B69032A43F010032B612B
:1018680017D1AB6943F02003AB6112E00322236E6A
:10187800012043F00103236684F85C20BDE8F0876B
:1018880080F85D20FFF76CFA86E7AB6943F0040344
:10189800AB61D4E90623013B013A1B0243EA4263E8
:1018A800226AB1F5407F02F1FF3243EA020362691E
:1018B80002F1FF3243EA0243EB610ED1D4E90B1384
:1018C800A26A013B01391B01013A43EA0123134390
:1018D800626A013A43EA0243EB603C4B3C4F9D424B
:1018E80003F51B6308BF1F46A3F51873394908BFE2
:1018F80019463948394A18BF864600F1D8000CBF46
:1019080092468446A2F5E47200F50E7008BF96462A
:10191800334EDFF8D49002F1D80204BF81469446D2
:1019280002F5E4721CBF1A46B246D5F8C080E06BD7
:10193800A66B48EA0000C5F8C000D5F8800021640D
:1019480020F4F818606B48EA0040C5F88000D5F824
:101958008000C4F8449020F0706040EA0660C5F842
:101968008000481C9042C4E912ECC4E9147A11D9E9
:10197800002143F8041B9342FBD300230122236672
:1019880084F85C201846A365BDE8F0876268154BAB
:101998001A602CE79FED0A7B531E5B1A9B080133E4
:1019A8005B0801EBC303A1EC027B8B42FBD1E4E7AC
:1019B8000120704743F02003AB616AE7AFF3008072
:1019C800000000000000000000A4004000A8004043
:1019D80060AE004000AC0040B0AC0040C8B1004070
:1019E80078AE004000A5004070AC004090F85C2044
:1019F8000346012A05D01A6E012042F004021A6635
:101A080070470222002110B4046880F85C20A269A3
:101A1800084622F00102A2615DF8044B196670477E
:101A2800F0B590F85C308646022B0BD10568D5F8E6
:101A3800C43013F4001C0BD0036E43F40073036628
:101A48000120F0BD036E43F0080303660120F0BDDA
:101A5800D5F8C4604B680C6988680F68C6F30146FE
:101A6800002B37D1044344EA8744D1E906030343F2
:101A7800486906EBC6070343086A43EA0063C86877
:101A880043EA0043DEF8540040F8374000EBC70053
:101A98004360134CCB68E35CA3B19378D7781B04FD
:101AA80043EA0763177804323B4312F8037C43EA9E
:101AB800072300EB0C07BB60CB680CF1040CE35C5C
:101AC8009C45EAD30123B340C5F8CC300020CEF8BA
:101AD8005830F0BD3C43044344F08044C5E700BFA0
:101AE80078B40008034690F85C000138012805D94D
:101AF8001A6E012042F002021A6670471B6870B421
:101B080011F00705986D01F0380409D0C60707D40D
:101B1800DD6D45F00105DD6554B184072FD407E07C
:101B280004B386071ED4DE6D46F00106DE6525BBCC
:101B380011F4E07F01D0460721D411F4F05F01D001
:101B480005071CD411F4604F01D0C40617D411F452
:101B5800403F01D0860612D411F47C0F13D04506FD
:101B68000DD410E011F4E07F21D046071FD4DE6DBC
:101B780046F00106DE65002DCED0C507CCD5D86D60
:101B880040F00200D8650C0604D5D3F8DC001043F9
:101B9800C3F8DC00C80504D5D3F8E0000243C3F855
:101BA800E0205A6D002070BC0A435A65704711F452
:101BB800F05F01D00607DAD511F4604F01D0C606F0
:101BC800D5D511F4403F01D08606D0D511F47C0F4D
:101BD800D1D04606CBD5002D9ED0CEE72DE9F04FCB
:101BE8000C6883B0002C00F0BB805F4A002302EA37
:101BF80090224FF001085D4E019264E00327D0F86F
:101C080000B04FEA430C07FA0CF72BEA070BFF4327
:101C180002F0030A09F1FF390AFA0CFA4AEA0B0A38
:101C2800B9F1010F0097C0F800A040F28380032AA1
:101C380045D0C568009F2F408D6805FA0CF53D43D7
:101C4800C560D5003BD523F0030707F1884A0F2765
:101C580003F00305ED0007FA05F9019F0AF5083AB4
:101C680007FA05F56FEA0E07DAF860C012F4801F6C
:101C78002CEA090C45EA0C05CAF8605035680CBF17
:101C88003D404EEA05053560756812F4001F0CBF2B
:101C98003D404EEA05057560D6F8845012F4003FC1
:101CA8000CBF3D404EEA0505C6F88450D6F8805072
:101CB800D20354BF3D404EEA0505C6F880500133B3
:101CC80034FA03F24CD008FA03F515EA040EF6D0FC
:101CD8004A6822F01009B9F1020F8FD14FF00F0AAC
:101CE8000F694FEAD30903F0070C00EB89094FEAA3
:101CF8008C0C07F00F0707FA0CF70AFA0CFCD9F856
:101D080020A02AEA0C0C47EA0C07C9F82070032720
:101D1800D0F800A04FEA430C07FA0CF72AEA070AA2
:101D2800FF4302F0030909FA0CF949EA0A09009786
:101D3800C0F80090D0F808A00AEA070ACF6807FAA6
:101D48000CF949EA0A09C0F80890D0F8049029EA81
:101D58000509C2F300159D4045EA0905456066E797
:101D680003B0BDE8F08F00BF7F7F2F000020024442
:101D78000AB1816170478162704700BF436901EA17
:101D8800030221EA030141EA02418161704700BF71
:101D980030B583B0D0B190F89532044603F0FF0215
:101DA800002B00F0E8800323206884F8953202F0C5
:101DB8008DFE237C251D8DF80030206895E80E00E7
:101DC80002F064FE30B1022384F8953201252846DA
:101DD80003B030BD0146206802F082FE0028F2D12F
:101DE8002279002A00F0AE804FF48073012AC4E9FA
:101DF8000900E075E062A38200F0C68040F201139A
:101E0800022AC4E9130084F83F006065A38745D01F
:101E18004FF48173032AC4E91D0084F86700E06762
:101E2800A4F864303AD040F20313042AC4E9270026
:101E380084F88F00C4F8A400A4F88C302ED04FF496
:101E48008273052AC4E9310084F8B700C4F8CC00CD
:101E5800A4F8B43022D040F20513062AC4E93B00A6
:101E680084F8DF00C4F8F400A4F8DC3016D04FF48E
:101E78008373072AC4E9450084F80701C4F81C01E4
:101E8800A4F804310AD0002340F20711C4E94F3303
:101E980084F82F31A4F82C11C4F84431002301210F
:101EA800022AC4E95933C4E96333A4F8543184F8E5
:101EB8005731C4F86C31A4F87C1184F87F31C4F828
:101EC80094313FD00221032AC4E96D3384F8A73145
:101ED800C4F8BC31A4F8A41134D00321042AC4E9FD
:101EE800773384F8CF31C4F8E431A4F8CC1129D081
:101EF8000421052AC4E9813384F8F731C4F80C3287
:101F0800A4F8F4111ED00521062AC4E98B3384F8FD
:101F18001F32C4F83432A4F81C1213D00621072A41
:101F2800C4E9953384F84732C4F85C32A4F8441203
:101F380008D00722C4E99F3384F86F32C4F884328A
:101F4800A4F86C22237C20688DF8003095E80E00F8
:101F580002F0D8FD054600287FF435AF0122237B27
:101F68006074934284F895220AD0206803F0E0FB5D
:101F7800284603B030BD80F8942204F0C9FC12E76B
:101F8800204600F0C5FEF0E7C4E95900A4F8540162
:101F980084F85701C4F86C01D4E700BF90F8943274
:101FA800012B0FD010B501230446006884F8943241
:101FB80002F084FD206803F0B3FB002384F8943218
:101FC800184610BD022070472DE9F04F04468BB02B
:101FD800006803F0B5FB10F4004525D1430500F176
:101FE8004481470417D410F4005140F08181C6049D
:101FF8007AD4050500F19D83010600F179838205F5
:1020080000F10A84C3050CD54FF6FF612268536CB2
:102018000B40536405E04BF6FF712268536C0B408C
:1020280053640BB0BDE8F08F2068436C1904F8D5F1
:10203800DFF894B50DE011F01001036800F0F180AD
:102048001A0500F12D811B0400F13F82436C1A042C
:10205800E7D5416C11F00F05EDD02EB250F826707F
:102068003A041FFA87F957D43B06EFD550F82630C3
:102078004FEA850803EA0B0343F4004340F826308F
:1020880005EB850304EBC303DA7D012A00F03981EF
:10209800197D06EB8606CA0004EBC60C02F18042E5
:1020A80017F480774FEAC60A02F5B232DCF82C60E2
:1020B8000FFA81FE40F077811268C2F30942B242FA
:1020C80080F06A81B61ACCF82C609D6A0AF1140176
:1020D80015449D62DCF8303021441344CCF830308C
:1020E80002F054FF2068B1E723681A6C22F004025A
:1020F8001A641A6C22F008021A6494F8CC32012B84
:1021080000F09583204604F08DFC4EF6FF7122689E
:10211800536C0B40536484E750F826304FEA850827
:1021280023F0784323F4704323F0700343F08003D3
:1021380040F8263005EB850304EBC30393F86021D0
:10214800002A00F0068193F8572193F85411022AC7
:1021580000F02A8209B250F8212022F0784222F4B5
:10216800E04222F0700242F4004242F0C00240F81D
:10217800212093F8542150F8223013F4804F4FF067
:102188000A031DD001E0029B013B0293029B002B36
:10219800F9D1D20002F1804202F5B2321368C3F3DA
:1021A8000943E3B108EB050104EBC101B1F85C2177
:1021B800D1F868119A4603F0F5FA12E0019B013B49
:1021C8000193019B002BF9D1D20002F1804202F564
:1021D800B2325368C3F30943002B40F0BC824FF07E
:1021E800000A08EB050304EBC303D3F8702152443B
:1021F800C3F87021D3F868215244C3F86821D3F892
:102208006C2122B1D3F86431534540F2B181A8441E
:1022180004EBC808204698F8541104F0BDFB206868
:1022280022E703EA0B0343F400430360237DA26A19
:10223800DB0003F1804303F5B2331B682046C3F388
:1022480009431A442363A26204F0B0FB637C20684C
:10225800002B3FF4FBAEE36A002B7FF4F7AE627C01
:1022680042F08002C2646374F0E64FF6FF312268E0
:102278002046536C0B40536404F0A6FB94F8943248
:10228800012B3FF4CEAE012329462068657484F8FB
:10229800943203F03FFA84F894520BB0BDE8F08F03
:1022A8000A230593059B94F854212BB1059B013B08
:1022B8000593059B002BF9D1D30003F1804303F567
:1022C800B2335B68B4F85A21C3F30943C4F87031D8
:1022D80004F5277103F066FA2268B64B11682046A8
:1022E8000B4043F08003136004F04EFB2068ADE61A
:1022F8004DF6FF712268536C0B4053640BB0BDE878
:10230800F08F00216A1C02EB820204EBC2025160CA
:1023180093F82020A2B17F065A7D40F13381002A2C
:1023280040F08B821B7DDB0003F1804303F5B23361
:102338001A6822F07C421A601A6842F000421A6059
:10234800454404EBC5052046297D04F02FFB206891
:102358007CE693F854210A230393039B2BB1039B38
:10236800013B0393039B002BF9D1D30003F1804376
:1023780003F5B2335B68C3F30943002B3FF42FAF77
:1023880008EB050104EBC101B1F85A21D1F8681135
:102398009A4603F007FA24E72046CCF82C7004F09C
:1023A80005FB206852E619F0400A4FF00A0355D0A1
:1023B80001E0099B013B0993099B002BF9D11368A4
:1023C80009F48047C3F30949B14580F0D481A6EBED
:1023D8000906CCF82C604FB150F82E10764B0B4004
:1023E80043F4404343F0800340F82E3008EB0506E1
:1023F80004EBC60696F83830012B55D1B36A03EBC7
:102408000901B162DCF830304B44CCF83030776BDE
:10241800736A9F42C0F0A982FF1A776308EB05062A
:1024280004EBC60696F815C0BCF1000F40F0918287
:10243800166826F07C461660002B40F0BC821668B1
:1024480046F00046166008EB050204EBC202928BC8
:1024580003F078F9206827E0089B013B0893089B64
:10246800002BF9D1536809F48047C3F30943B342F9
:1024780000F2B181F61ACCF82C60002E00F0AE8183
:102488004FB950F82E604C49314041F4404141F079
:10249800800140F82E1008EB050704EBC70797F8F2
:1024A8003810012900F01E82454404EBC5052A7D39
:1024B800424B50F822100B4083F0300343F40043A2
:1024C80043F0800340F82230C0E50A220168394B06
:1024D8000B4043F0800303600492049B94F854215A
:1024E8002BB1049B013B0493049B002BF9D1D3002F
:1024F80003F1804303F5B2335B68C3F30943C4F8BF
:10250800703193B1D4F8681179B1B4F85A2103F055
:1025180049F9D4F86831D4F87021204613440021D1
:10252800C4F8683104F038FA206803681F053FF5DD
:102538008DAD03F44053B3F5405F3FF487AD204BB6
:102548005A6822F07C425A60D4F86421002A40F08C
:1025580092815A6842F000425A600268194B13404F
:1025680083F4405343F4004343F0800303606DE574
:10257800282101FB0541206801F5AA7102F006FD3A
:10258800206871E5002A40F067811B7DDB0003F1BC
:10259800804303F5B2335A6822F07C425A605A6885
:1025A80042F000425A60CBE619F4804F4FF00A031C
:1025B80057D00DE08F0FFF078F8FFF07BF8FFF07E3
:1025C800006401408FBFFF070F8FFF07079B013B88
:1025D8000793079B002BF9D1CB0003F1804303F548
:1025E800B23308EB05021B6804EBC202D2F86CC1D7
:1025F800C3F309439C459A4609B2C0F04881ACEB45
:10260800030CC2F86CC1BCF1000F0CD150F821C00A
:10261800B14A0CEA020282F4005242F4004242F04B
:10262800800240F8212019F0400F0AD050F821C04C
:10263800AA4A0CEA020242F4004242F0C00240F800
:102648002120002B3FF4CDAD08EB050104EBC101BF
:10265800B1F85C21D1F8681103F0A4F8C1E5069B34
:10266800013B0693069B002BF9D1CB0003F1804375
:1026780003F5B23308EB05025B6804EBC202D2F83B
:102688006CC1C3F309439C459A4609B2C0F0048162
:10269800ACEB030CC2F86CC1BCF1000F0CD150F8C4
:1026A80021C08D4A0CEA020282F4005242F4004230
:1026B80042F0800240F8212019F0400F0AD150F86A
:1026C80021C0864A0CEA020242F4004242F0C002EB
:1026D80040F82120002B3FF484AD08EB050104EB02
:1026E800C101B1F85E21D1F8681103F05BF878E513
:1026F8004FF67F7123685A6C0A405A6494F8CC22CA
:10270800002A34D1012120461A6C42F004021A64CE
:102718001A6C42F008021A6484F8CC125B6D9B08AC
:1027280003F03C03C4F8D0320BB0BDE8F04F00F022
:1027380003BB4FF2FF71236820461A6C42F008026F
:102748001A645A6C0A405A641A6C42F004021A64F9
:1027580004F04CF965E408EB050104EBC101B1F89C
:102768005E21D1F868119A4603F01CF839E5204635
:1027780004F03CF955E40023CCF82C3008EB0503B1
:1027880004EBC3035B7D002B40F09880136823F0B3
:102798007C431360136843F000431360536823F0CD
:1027A8007C435360536843F000435360204604F071
:1027B800FDF87FB308EB050304EBC3031A7D20681B
:1027C800464B50F822100B4043F4404343F080033B
:1027D80040F8223068E60023CCF82C3008EB0503DB
:1027E80004EBC3035B7D002B5BD1136823F07C43B0
:1027F8001360136843F000431360536823F07C436D
:102808005360536843F000435360204604F0CEF809
:10281800002FCFD0206847E64FF6FF5122682046A8
:10282800536C0B40536404F0CBF8FFF7FABB204617
:1028380084F8CC1200F080FA64E4012A7FF480ADB9
:102848001B7DDB0003F1804303F5B2331A6892B2B3
:102858001A601A681A6073E5012A7FF471AD1B7D4E
:10286800DB0003F1804303F5B2335A6892B25A6031
:102878005A685A6064E53E2A5ED85108D607184A55
:1028880048BF0131536843EA8163536065E64FF0FE
:10289800000CC2F86CC1B9E64FF0000CC2F86CC16C
:1028A800FDE6012BB1D113689BB213601368136066
:1028B80053689BB2536053685360A6E7012B7FF4BB
:1028C80075AF13689BB213601368136053689BB2AB
:1028D80053605368536069E78FBFFF078F8FFF0707
:1028E80000640140B96A1944B962DCF830601E44DA
:1028F800CCF83060D7F834C07E6AB44546D3ACEB28
:1029080006037B6308EB050304EBC3035B7D002B25
:1029180030D1536823F07C435360002E63D1536851
:1029280043F00043536008EB050204EBC202534630
:10293800D28B02F007FF6DE75109D5063E4A08BF62
:1029480001F1FF31536843EA816343F00043536068
:1029580003E6BCF1010F06D11668B6B21660166818
:1029680046EA034616609BB26DE5B7B94B4686F852
:10297800387053E5012B06D153689BB253605368F6
:1029880043EA064353601FFA86FACCE7BCF1000F0E
:102998001DD11E4687F838C0B4E7002396F815C045
:1029A80086F8383073633B46BCF1000FD1D1166806
:1029B80026F07C4616603E2B22D85F08DE07166894
:1029C80048BF013746EA87669BB216603BE500269A
:1029D8007B7D7E6387F838606646002BCAD15368D2
:1029E80023F07C4353603E2E17D87708F3075368CB
:1029F80048BF013743EA87631FFA86FA536092E7B4
:102A08005F09DE06166808BF07F1FF3746EA8766E2
:102A180046F000469BB2166015E57709F306536841
:102A280008BF07F1FF3743EA876343F000431FFA03
:102A380086FA536077E700BF0064014090F894225B
:102A4800012A0DD010B5012204460068617484F88B
:102A5800942202F05FFE002384F89432184610BDD9
:102A68000220704710B501F0070E0EEB8E0C090618
:102A780004464FEACC0C24D40CF5AA714FF0000C94
:102A880001440EEB8E0004EBC00080F855C1022B08
:102A9800CB7008BF0023C2F30A0208BF0B7181F88C
:102AA80000E00A6194F89432012B16D001232068C3
:102AB80084F8943202F03CF8002384F894321846E3
:102AC80010BD0CF114014FF0010C01440EEB8E0007
:102AD80004EBC00080F815C0D9E7022010BD00BF84
:102AE80001F0070303EB830301F00702090610B5A1
:102AF8004FEAC30304461AD44FF0000C03F5AA7139
:102B080002EB820004EBC003214483F855C10A702C
:102B180094F89432012B1AD00123206884F8943257
:102B280002F082F9002384F89432184610BD4FF061
:102B3800010C03F1140102EB820004EBC0032144F1
:102B480083F815C00A7094F89432012BE4D102205E
:102B580010BD00BF38B52825002401F0070E05FB7D
:102B68000E010EEB8E0C00EBCC0CCCE95A2300685E
:102B780001F5AA71CCF870418CF855418CF854E1F4
:102B880002F004FA204638BD01F0070101EB81018B
:102B980000EBC100D0F87001704700BF38B501F0F4
:102BA800070E0EEB8E0100EBC10C012500246146D7
:102BB8000068CCF82820CCF82C30CCF834308CF8CD
:102BC8003850CCF830408CF815508CF814E014319B
:102BD80002F0DCF9204638BD027901F007039A4279
:102BE80036D30A0610B504461FD44FF0000C28202F
:102BF80001EB810204EBC20282F855C1012200FBFD
:102C0800014181F8543181F8562194F8943201F544
:102C1800AA7193421AD0206884F8942202F00EFD1B
:102C2800002384F89432184610BD0120282103EBB4
:102C3800830204EBC2025075012201FB03410B75AC
:102C48008A7594F8943214319342E4D1022010BD6D
:102C58000120704738B5027901F00F039A4236D344
:102C680001F0070303EB830301F00702090604469A
:102C78004FEAC3031AD4002502EB820004EBC0001C
:102C880080F85551002503F5AA73E1180A708D7074
:102C980094F89432012B18D00123206884F89432D8
:102CA80002F0EEFC84F89452284638BD012502EB68
:102CB800820004EBC000457500251433E1180A7042
:102CC8008D7094F89432012BE6D1022038BD012092
:102CD80038BD00BF11F0800F0CD001F0070101EBE7
:102CE800810100EBC100143099B262B9C18002734E
:102CF8000020704701EB810100EBC10000F5AA70CC
:102D080099B2002AF2D00122836002730020704732
:102D18000346002110B401241A6883F8CC1208462F
:102D2800516DC3F8D84221435165536D5DF8044B8A
:102D380043F0020353657047704700BF024A936B24
:102D480043F000739363704700080244444B30B467
:102D5800996A9C6A9A6A14F47C5F9D6BC4F3052097
:102D680035D0C2F30012C5F3CC0505FB02F207EE1D
:102D7800900A06EE902A01F003010129B8EEE77ADD
:102D8800FAEEE96A25D0032941D05B6BB7EE006AF9
:102D9800C3F3080307EE903AF8EEE77ADFED315A0D
:102DA80077EE867A85EE876A77EEA67A67EE867A78
:102DB8002B4B5B6BC3F34623013307EE103AF8EE57
:102DC800C76A87EEA67AFCEEC77A17EE900A30BC7F
:102DD80070471A6892062ED51A685B6BC2F3C10257
:102DE800C3F3080306EE103A1F4BF7EE007AD34000
:102DF800B8EEC66A05EE903A36EE276AF8EEE55A5E
:102E0800C5EE877A36EE267A67EE877AD0E75B6B6F
:102E1800B7EE006AC3F3080307EE903AF8EEE77AD4
:102E2800DFED125A77EE867A85EE876A77EEA67A14
:102E380067EE867ABCE75B6BB7EE006AC3F30803FC
:102E480007EE903AF8EEE77ADFED095A77EE867AE0
:102E580085EE876A77EEA67A67EE867AA8E700BFDE
:102E6800000C02440024744A0090D00320BCBE4BDE
:102E78000024744C002800F04583A84A03682DE913
:102E8800F041D569966ADA06044605F0180506F099
:102E9800030624D5082D00F00E81182D00F00881B6
:102EA800E3699E4F002B00F0EF803B6843F480738A
:102EB8003B60FEF79BFB804606E0FEF797FBA0EB26
:102EC8000800022800F272813B689B05F5D5BB69B2
:102ED800226A23F47C1343EA0243BB612368D907BF
:102EE80038D5102D626800F00081182D00F0FA80A6
:102EF800B2F5803F18D0002A00F05B81B2F5A02F10
:102F0800864B00F03B82B2F5A81F1A6800F0B58224
:102F180022F480321A601A6822F480221A601A6831
:102F280022F480121A6004E07C4A136843F4803368
:102F38001360FEF75BFBDFF8E481074605E0FEF768
:102F480055FBC01B642800F23181D8F800309B0380
:102F5800F5D52368990724D5E368002D40F0B9809A
:102F6800002B00F0BD806D4B21691A6802F0180231
:102F78008A4240F08D81FEF739FB684F064605E02E
:102F8800FEF734FB801B022800F210813B689B0788
:102F9800F6D53B69626923F4FE0343EA02433B61C9
:102FA80023681A0719D5A3695C4E002B00F01C8111
:102FB800D6F8F03043F08063C6F8F030FEF716FB21
:102FC800074605E0FEF712FBC01B022800F2EE8060
:102FD800D6F8F0301B01F5D52368590736D5504E81
:102FE800736ADA0740F1D280A368012B00F0D3811D
:102FF800002B00F0A880052B00F04B82852B474B57
:10300800D3F8F02000F0698222F00102C3F8F02022
:10301800D3F8F02022F00402C3F8F020D3F8F0200F
:1030280022F08002C3F8F020FEF7E0FA41F2883877
:1030380006463A4F05E0FEF7D9FA801B404500F2F4
:10304800B580D7F8F0309807F5D523689A0615D5D6
:10305800636A324E002B00F00A81336843F48053D0
:103068003360FEF7C3FA074605E0FEF7BFFAC01B58
:10307800022800F29B8033689B04F6D5A36A002BD4
:1030880040F0C680002092E03B6823F480733B60E8
:10309800FEF7ACFA804606E0FEF7A8FAA0EB0800B7
:1030A800022800F283803B689805F5D4236816E768
:1030B800022E7FF4F5AEE26992B11849206A8A6956
:1030C80022F47C1242EA00428A61D9077FF542AFB6
:1030D80007E7182D0FD1012E0DD1002B7FF44BAF30
:1030E800012064E0032E7FF403AF002AF8D09A078A
:1030F8007FF557AFE368094E002B00F0A6803368D0
:10310800226923F0180313433360336843F0010343
:103118003360FEF76BFA074609E000BF000C024473
:1031280000080244FEF762FAC01B02283ED8336842
:103138009807F7D53369626923F4FE0343EA02432B
:10314800336123682DE79C4E41F28838D6F8F03079
:1031580023F00103C6F8F030D6F8F03023F08003EE
:10316800C6F8F030D6F8F03023F00403C6F8F03093
:10317800FEF73CFA074604E0FEF738FAC01B404564
:1031880014D8D6F8F0309907F6D45EE7736A43F09E
:1031980001037362FEF72AFA0746736ADB073FF5F5
:1031A80023AFFEF723FAC01B0228F6D90320BDE897
:1031B800F081814F3B6823F480333B603B6823F404
:1031C80080133B603B6823F480233B60FEF70EFAD4
:1031D800804605E0FEF70AFAA0EB08006428E5D867
:1031E8003B689803F6D4B4E6D6F8F03023F0806351
:1031F800C6F8F030FEF7FAF9074604E0FEF7F6F9EC
:10320800C01B0228D2D8D6F8F0301801F6D4E3E66D
:10321800182D69D0022B00F0C680674C236823F074
:1032280080732360FEF7E2F9054604E0FEF7DEF955
:10323800401B0228BAD823689B01F7D4A36A23F459
:10324800E02323F00303A3621CE7336823F00103A0
:103258003360FEF7CBF9074604E0FEF7C7F9C01B59
:103268000228A3D833689907F7D4236899E6336806
:1032780023F480533360FEF7B9F9074604E0FEF7FC
:10328800B5F9C01B022891D833689804F7D4F5E63D
:103298001A6822F018020A431A60DA6902F0180262
:1032A800082A00F02B81DA6912F0180F40F0058126
:1032B8001A68920640F10F811A68404BC2F3C102A6
:1032C800D3403D4A3E48126A3E4902F00F02825CF2
:1032D80002F01F02D3403C4A0B601068FEF704F965
:1032E80000283FF448AEFBE6334A012B916A556B40
:1032F8003FF4F6AEE06A01F0030383427FF4F0AED8
:10330800236BC1F3052199427FF4EAAE636BC5F3E1
:103318000801013B99427FF4E3AEA36BC5F3462154
:10332800013B99427FF4DCAEE36BC5F30641013BF8
:1033380099427FF4D5AE236CC5F30665013B9D42E7
:103348007FF4CEAE936BE26CC3F3CC0393423FF4AD
:1033580099AE194A936A23F010039362FEF746F96F
:103368000546FEF743F9A842FBD0E26C124BD200A7
:103378009A639A6A42F010029A6283E61A6842F4E3
:1033880080221A601A6822F480121A601A6842F4BD
:1033980080321A60CDE5084AD2F8F03043F00103D4
:1033A800C2F8F03040E6044D2B6823F080732B60A0
:1033B800FEF71CF906460FE0000C02440090D0030B
:1033C80068B400080000002008000020FEF70EF98D
:1033D800801B02283FF6EAAE2B689901F6D4AB6A47
:1033E800E16A23F47C53226B23F003030B4343EA83
:1033F8000223AB62D4E90E32616B013B013A5B02F6
:10340800120402F4FE0201399BB21343C1F308020D
:103418001343226C3C4E013A120602F0FE4213435B
:103428006B63AB6A23F01003AB62E36CDB00AB6346
:10343800AB6A43F01003AB62AB6A626C23F00C0317
:103448001343AB62AB6AA26C23F020031343AB6255
:10345800AB6A43F48033AB622B6843F080732B6014
:10346800FEF7C4F8044633689A013FF50BAEFEF741
:10347800BDF8001B0228F6D998E642F480221A60AB
:103488001A6842F480121A601A6842F480321A608C
:103498004FE51D4BD3F8F02042F00402C3F8F020AA
:1034A800D3F8F02022F08002C3F8F020D3F8F020FF
:1034B80042F00102C3F8F020B6E5DA6902F018021A
:1034C800102A1DD0DB6903F01803182B03D1FFF76E
:1034D8003DFC0346F5E60D4BF3E642F00402C3F863
:1034E800F020D3F8F02042F08002C3F8F020D3F89F
:1034F800F02042F00102C3F8F02095E5044BE0E625
:10350800044BDEE601207047000C02440090D00313
:1035180000093D0040787D01002800F033819E4A73
:103528002DE9F0411368044603F00F038B420D4662
:103538000CD2136823F00F030B431360136803F0D6
:103548000F038B4202D00120BDE8F0812368D90621
:103558000DD5924960690A6A120A02F07002904217
:1035680005D90A6A22F4E04242EA00220A621A07EE
:103578000DD58A4920690A6A120902F07002904240
:1035880005D90A6A22F4E06242EA00120A625F0779
:103598000BD58249E0680A6A02F07002904204D9A9
:1035A8000A6A22F0700202430A629E0703F00102CF
:1035B80040F1A580794EA068316A01F00F01884278
:1035C80004D9316A21F00F010143316282B3626884
:1035D800724B032A1B6800F09A80022A00F0CE8002
:1035E800012A00F0E7809F07ADD56C4E41F288387C
:1035F800F36923F003031343F361FDF7F7FF6368EF
:103608000746032B00F08C80022B00F09480012BDE
:1036180006D19BE0FDF7EAFFC01B404500F2B480ED
:10362800F36913F0180FF5D123689E0707D5A06832
:103638005A490A6A02F00F02824200F299805649FA
:103648000A6802F00F02AA420AD90A6822F00F0299
:103658002A430A600A6802F00F02AA427FF473AF95
:103668005D070BD54D49E0680A6A02F07002904286
:1036780004D20A6A22F0700202430A6218070DD5C2
:10368800464920690A6A120902F07002904205D27E
:103698000A6A22F4E06242EA00120A62D9060DD5EB
:1036A8003E4A6169136A1B0A03F07003994205D206
:1036B800136A23F4E04343EA01231362374BDA69C0
:1036C80002F01802082A61D0DA6912F0180F43D103
:1036D8001A6892064AD51A68314BC2F3C102D34020
:1036E8002E4A3048126A304902F00F02805C2F4A95
:1036F800C340BDE8F04108681360FDF7F5BE002A35
:103708009DD06268254B032A1B687FF466AF980139
:103718003FF56BAF17E7FDF769FFC31B434533D888
:10372800F36903F01803182BF5D17DE7FDF75EFF69
:10373800C01B404528D8F36903F01803102BF5D1B6
:1037480072E7FDF753FFC01B40451DD8F36903F02E
:103758001803082BF5D167E7DA6902F01802102A76
:103768002CD0DB6903F01803182B11D00C4BB7E7EA
:103778000A6A22F00F0202430A6260E799033FF5E2
:1037880034AFE0E6012070470320DDE6084BA7E7E9
:10379800FFF7DCFA0346A3E700200240000C0244CE
:1037A8000090D00368B40008080000200000002042
:1037B80000093D009B053FF518AFC4E6004B8FE7B5
:1037C80040787D01124BDA6902F01802082A18D0F5
:1037D800DA6912F0180F08D11A6892060FD51B681B
:1037E8000C48C3F3C103D8407047DA6902F01802E5
:1037F800102A0AD0DB6903F01803182B03D00548F8
:10380800704705487047FFF7A1BA0448704700BFE2
:10381800000C02440090D00300093D0040787D016F
:1038280070B5344C0646236823F080632360FDF7A7
:10383800DDFE054604E0FDF7D9FE401B022857D8F7
:1038480023681A01F7D4E36A316823F47C53726859
:1038580023F003030B4343EA0223E362D6E903326E
:10386800013B013A5B02120402F4FE029BB2B1680A
:10387800134372690139013AC1F3080112060B4377
:1038880002F0FE421343E363E36AB26923F00C03D8
:103898001343E362E36AF26923F020031343E3620C
:1038A800E36A726A134D1343E362E36A23F0100379
:1038B800E362236C326A23F47F4323F0F80343EA7C
:1038C800C2032364E36A43F01003E362236843F00E
:1038D80080632360FDF78AFE044604E0FDF786FE58
:1038E800001B022804D82B681B01F7D5002070BDE7
:1038F800032070BD000C024470B5344C06462368A2
:1039080023F080532360FDF771FE054604E0FDF7C0
:103918006DFE401B022857D823689A00F7D4236B02
:10392800316823F47C53726823F003030B4343EAA2
:1039380002232363D6E90332013B013A5B021204F6
:1039480002F4FE029BB2B168134372690139013A6D
:10395800C1F3080112060B4302F0FE4213436364ED
:10396800236BB26923F00C0313432363236BF269BF
:1039780023F0200313432363236B726A134D13430D
:103988002363236B23F010032363A36C326A23F4AD
:103998007F4323F0F80343EAC203A364236B43F095
:1039A80010032363236843F080532360FDF71EFE52
:1039B800044604E0FDF71AFE001B022804D82B6811
:1039C8009B00F7D5002070BD032070BD000C024499
:1039D8002DE9F843D0E90032DE01044608D52D4828
:1039E800A56DD0F8E81021F040412943C0F8E8104F
:1039F80013F001061DD0E16D052900F28B85DFE883
:103A080011F00F004A0506000F000F000F0004F127
:103A18003000FFF771FF0646D4E900324EB9E16D78
:103A280000261C4DD5F8D80020F007000143C5F842
:103A3800D8109D0731D5216E28292DD8DFE811F03F
:103A48001E052C002C002C002C002C002C002C0017
:103A580042052C002C002C002C002C002C002C00E3
:103A68004E052C002C002C002C002C002C002C00C7
:103A78001E052C002C002C002C002C002C002C00E7
:103A88001E052C002C002C002C002C002C002C00D7
:103A98001E0500BF000C02440126354658071CD5F8
:103AA800616E802900F0708400F2BE8349B140291C
:103AB80040F0C38304F10800FFF7B2FED4E90032F6
:103AC8000546002D40F00684AB4F606ED7F8D8103D
:103AD80021F4E0710143C7F8D81019071ED5A16E6B
:103AE800B1F5806F00F05B8400F2758351B1B1F5D8
:103AF800007F40F07A8304F10800FFF791FED4E9D3
:103B080000320546002D40F0E1839B4FA06ED7F8A8
:103B1800D81021F460610143C7F8D810DF061ED51C
:103B2800E16EB1F5005F00F01F8400F2968351B199
:103B3800B1F5805F40F09B8304F10800FFF770FE49
:103B4800D4E900320546002D40F0BC838A4FE06E70
:103B5800D7F8D81021F4E0410143C7F8D8109806E7
:103B68001ED5216FB1F5803F00F0628400F26883B2
:103B780051B1B1F5004F40F06D8304F10800FFF733
:103B88004FFED4E900320546002D40F0A1837A4F5C
:103B9800206FD7F8D81021F460310143C7F8D81046
:103BA800D9041ED5616FB1F1007F00F0168400F2D0
:103BB8001F8351B1B1F1807F40F0248304F10800E4
:103BC800FFF72EFED4E900320546002D40F07C8335
:103BD800694F606FD7F8E01021F0E0610143C7F842
:103BE800E0109F040ED5A16FB1F5803F00F09683D9
:103BF80040F20B8321F48031B1F5003F00F00883D7
:103C08000126354658040ED5E16FB1F5802F00F036
:103C18007C8340F2CF8021F48021B1F5002F00F0A1
:103C2800CC800126354619040FD5D4F88010B1F59B
:103C3800801F00F0858340F2CD8021F48011B1F51A
:103C4800001F00F0CA8001263546DF030BD5D4F8E3
:103C58008410B1F1807F00F0118231F0007100F022
:103C6800148201263546D0040BD5D4F88810B1F15A
:103C7800806F00F0188231F0006100F01B8201268D
:103C88003546110509D53C49C86920F40040C8618A
:103C9800C869D4F8C8703843C8619F0320D5D4F8E0
:103CA8008C10B1F5007F00F08D8300F2A48051B133
:103CB800B1F5807F40F0A98004F10800FFF7B0FD5E
:103CC800D4E900320546002D40F0F4822A4FD4F89A
:103CD8008C00D7F8DC1021F4E0610143C7F8DC1050
:103CE800580320D5D4F89010B1F5005F00F0958303
:103CF80000F28E8051B1B1F5805F40F0938004F1FD
:103D08000800FFF78DFDD4E900320546002D40F08C
:103D1800D582194FD4F89000D7F8DC1021F4E0418F
:103D28000143C7F8DC1099020CD5D4F8A010022979
:103D380000F08D8140F292810339022940F28E8190
:103D480001263546970507D5D4F8A41031F00800A8
:103D580000F0BE8101263546980100F1C78158015F
:103D68000ED5D4F89810102900F0E2825DD921F020
:103D7800100020285BD001E0000C024401263546E3
:103D8800590209D5D4F89C10002900F0B5824029C1
:103D980000F07682012635461F0166D5D4F8AC10AE
:103DA800042900F2BD83DFE811F04E0061035103DE
:103DB8005300530000297FF434AF002D40F0CA822D
:103DC800AD4FE06FD7F8E41021F440210143C7F864
:103DD800E41028E700297FF436AF002D40F08282F6
:103DE800A54FD4F88000D7F8E41021F4401101431E
:103DF800C7F8E41029E721F48070B0F5806F3FF42C
:103E080062AFB1F5407F3FF45EAF0126354667E704
:103E180021F48050B0F5804F3FF478AFB1F5405FA2
:103E28003FF474AF012635467DE70029A6D1002D61
:103E380040F05A82904FD7F8E80020F03000014354
:103E4800C7F8E8109CE78C48816A41F40031816228
:103E5800002D40F01382884FD4F8AC00D7F8E0105A
:103E680021F007010143C7F8E010D80028D5D4F89D
:103E7800B010202922D8DFE811F09C012100210090
:103E8800210021002100210021001503210021002B
:103E9800210021002100210021001D032100210013
:103EA80021002100210021002100A1012100210081
:103EB80021002100210021002100A1010126354611
:103EC80099001ED5D4F8B410802900F0C78245D8CF
:103ED800002900F0E981402945D104F10800FFF7E5
:103EE8009FFCD4E900320546002D40F0C581624FA1
:103EF800D4F8B400D7F8E01021F4E0710143C7F812
:103F0800E0105B001DD5D4F8B830B3F5806F00F031
:103F18007A822BD843B1B3F5007F2FD104F1080082
:103F2800FFF77EFC05466268002D40F0C5815249C6
:103F3800D4F8B800D1F8E03023F460630343C1F843
:103F4800E03097071ED5D4F8A830032B00F2E5829D
:103F5800DFE813F0470042004F024700C029C3D0F2
:103F6800B1F5807FC0D001263546CAE723F4007139
:103F7800B1F5006FD8D0B3F5C06FD5D0012697073B
:103F88003546E0D450070CD5D4F89430B3F5807F8B
:103F980000F01082B3F5007F45D0002B49D00126F0
:103FA8003546D10609D5D4F8C430202B27D0302B7C
:103FB8002BD0102B00F0D0810126130709D52E4AEB
:103FC800D4F8C010D2F8E83023F0C0030B43C2F88D
:103FD800E8303046BDE8F88327498B6A43F400335C
:103FE8008B62002D40F06C812349D4F8A800D1F8E9
:103FF800E43023F003030343C1F8E430C2E704F1DB
:104008003000FFF779FC05466268002D40F06681B4
:104018001949D4F8C400D1F8E43023F0300303433D
:10402800C1F8E430C9E704F10800FFF7F9FB0546D9
:104038006268002D40F050810F49D4F89400D1F8FF
:10404800E83023F440730343C1F8E830A9E704F1EA
:104058000800FFF7E5FBD4E900320546002D40F0E3
:104068003F81054FD4F8A000D7F8E81021F00701E8
:104078000143C7F8E81065E6000C024404F130007B
:10408800FFF73AFCD4E900320546002D40F03081B4
:10409800BB4FD4F88400D7F8E41021F040710143F5
:1040A800C7F8E410DFE504F13000FFF725FCD4E998
:1040B80000320546002D40F01981B14FD4F8880030
:1040C800D7F8E41021F040610143C7F8E410D8E5BF
:1040D800002D40F0B981AA4FD7F8E80020F0080079
:1040E80001439801C7F8E8107FF539AEA54F7B6A00
:1040F80043F001037B62FDF779FA804606E0FDF79D
:1041080075FAA0EB0800022800F2F0817B6AD90753
:10411800F5D5002D40F0EB81994FD4F8BC30D7F895
:10412800F02012F4407228D09A4226D0D7F8F01026
:10413800D7F8F02042F48032C7F8F020D7F8F02002
:1041480022F48032C7F8F02021F44072C7F8F0203A
:10415800CA0712D5FDF74AFA41F28839804606E0C7
:10416800FDF744FAA0EB0800484500F2CE81D7F8E5
:10417800F0309B07F4D5D4F8BC3003F44072B2F5A4
:10418800407F00F0B8817E49CA6922F47C52CA6136
:104198007B4AC3F30B03D2F8F01021F44071C2F844
:1041A800F010D2F8F0100B43C2F8F030D4E9003226
:1041B800D5E57348816A41F400318162002D59D1F7
:1041C8006F4FD4F8B000D7F8E01021F03801014360
:1041D800C7F8E01074E621F40070B0F5006F3FF402
:1041E80091ACB1F5C06F3FF48DAC0126354695E42E
:1041F80021F08070B0F1806F3FF4E7ACB1F1407FFF
:104208003FF4E3AC01263546EBE400297FF4F8AC33
:10421800002D6FD15A4FA06FD7F8E41021F4403128
:104228000143C7F8E410EDE421F04000B0F5807FC9
:104238003FF447ACC0293FF444AC012635464CE472
:1042480021F40040B0F5003F3FF49EACB1F5C03F0B
:104258003FF49AAC01263546A2E421F48050B0F52B
:10426800804F3FF470ACB1F5405F3FF46CAC012671
:10427800354674E42E4623E62E4642E62E46F4E5FD
:1042880004F10800FFF7CCFAD4E900320546002D06
:1042980039D13B4FD4F89C00D7F8E41021F0400105
:1042A8000143C7F8E41077E53548816A41F40031E5
:1042B800816219E62E4613E52E4642E62E4632E581
:1042C8002E465FE62E464AE42E468AE42E4625E42C
:1042D8002E4665E42E4600E42E4662E62E466CE63F
:1042E8002E462FE52E46B0E42E4649E52E46C8E474
:1042F8002E46B8E42E4685E42148816A41F400310F
:104308008162002DC5D02E4646E504F13000FFF746
:10431800F3FAD4E900320546E5B951E504F1300075
:10432800FFF7EAFAD4E900320546002DE2D171E739
:10433800134FB86A40F40030B862002DD4D179E543
:1043480004F13000FFF7D8FAD4E900320546002D11
:10435800C8D145E52E4666E409498B6A43F4003323
:104368008B62002DBAD153E604F13000FFF7C4FA8E
:10437800D4E900320546002DA4D1FFF7E7BB00BF02
:10438800000C02440008024404F13000FFF7B4FABC
:10439800D4E900320546002D9CD1FFF795BB04F106
:1043A8003000FFF7A9FAD4E900320546002D8DD177
:1043B800FFF7ABBB5C498B6A43F400338B62002D7B
:1043C8008AD139E604F13000FFF796FAD4E90032D1
:1043D8000546002D7FF46EAF78E404F13000FFF756
:1043E8008BFAD4E900320546002D7FF46DAFFFF754
:1043F800EFBB04F10800FFF713FA05466268002DC9
:104408007FF45EAFF0E504F13000FFF775FA05467A
:104418006268002D7FF450AF89E504F13000FFF7A2
:104428006BFAD4E900320546002D7FF447AF70E4FB
:1044380004F13000FFF760FAD4E900320546002D98
:104448007FF446AFFFF7A3BB2E4685E404F13000A6
:10445800FFF752FAD4E900320546F9E404F13000D6
:10446800FFF74AFAD4E9003205463DE504F10800B1
:10447800FFF7D6F9D4E900320546E9E4354655BBDD
:10448800294F206ED7F8D81021F038010143C7F81A
:10449800D810FFF703BB04F10800FFF7C1F906467F
:1044A800FFF7BABA04F10800FFF7BAF9D4E9003205
:1044B800054683E604F13000FFF71EFAD4E900321E
:1044C80005467BE604F10800FFF7AAF9D4E90032B3
:1044D8000546002DD4D02E46FFF7E0BA04F130008F
:1044E800FFF70AFAD4E900320546C8E70325D4E9FC
:1044F80000322E4633E40C480C4AC16902EA131212
:1045080021F47C510A43C26142E60326D4E9003211
:10451800354624E40126FFF78CBA0126354631E5F5
:1045280001263546A1E400BF000C0244CFFFFF007E
:10453800002800F0A88038B590F83D30044603F014
:10454800FF02002B00F09A8002222368584984F861
:104558003D208B421A6848D001F180518B4244D0EB
:10456800B3F1804F78D0B3F1A04F75D051498B4249
:1045780072D001F180518B426ED04F498B426BD083
:1045880001F180518B4267D04C498B427DD001F1BB
:1045980080518B4200F0878049498B4275D001F1E8
:1045A80080518B4271D047498B4259D044498B4244
:1045B80073D001F180518B426FD043498B424FD069
:1045C80001F180518B424BD040498B4265D001F1BB
:1045D80080518B4261D0A569E068616822F0800251
:1045E8002A431A60D862996212E0A06822F0700229
:1045F8002169024322F440720A43A16922F0800231
:104608000A431A60E268DA6262689A6262691A6347
:1046180001225A611A69D20703D51A6922F00102E8
:104628001A61012384F8483084F83E3084F83F301A
:1046380084F8403084F8413084F8423084F84330BC
:1046480084F8443084F8453084F8463084F847309C
:1046580084F83D30002038BDA16822F070020A437A
:10466800206922F44072A169024322F08002E068C6
:104678000A4361681A60D8629962C9E780F83C20E9
:10468800FCF79EFD60E701207047A16822F07002E8
:104698000A430A498B4289D1E2E7206922F4407231
:1046A800A1690243AAE7A16822F070020A437AE7E7
:1046B800002C01400004004000080040000C0040AD
:1046C80000340140000C0050001800400040014038
:1046D80090F83D30012B4BD10222036880F83D2031
:1046E800DA68244942F001028B42DA6032D0224A69
:1046F80093422FD0B3F1804F2CD0B3F1A04F29D0E3
:104708001E4A934226D002F18052934222D01C4A7C
:1047180093421FD002F1805293421BD0194A934210
:1047280018D002F18052934214D0174A934211D004
:1047380002F1805293420DD0144A93420AD002F1FA
:104748008052934206D0124A934203D002F180521B
:10475800934207D199680F4A0A40062A06D0B2F553
:10476800803F03D01A6842F001021A6000207047A7
:1047780001207047002C0140002C0150000400402B
:1047880000080040000C00400034014000180040C0
:104798000040014007000100704700BF704700BF9C
:1047A800704700BF704700BF704700BFF8B5036887
:1047B8000546DE681C69A10701D5B2076ED46007FB
:1047C80001D5710757D4220701D5330740D4E10634
:1047D80001D5F20628D4E30701D5F7077CD414F4F1
:1047E800025F04F4807769D030067DD4620602D572
:1047F800730600F18B80A70602D5B00600F18E8003
:10480800E10202D5F20200F19180A30202D5B702BB
:1048180000F19480600202D5710200F197802202B3
:1048280001D533024FD4F8BD6FF0100108222B6870
:10483800284619612A77DB6913F4407F40F0978096
:10484800FFF7ACFF2846FFF7ADFF00232B77C2E741
:104858006FF0080104222B68284619612A77DB6962
:104868009F0740F08180FFF799FF2846FFF79AFFDE
:1048780000232B77ABE76FF0040102222B68284650
:1048880019612A779B6913F4407F6AD1FFF786FF85
:104898002846FFF787FF00232B7794E76FF0020283
:1048A8001A61012202779B699F0757D1FFF776FFAC
:1048B8002846FFF777FF00232B7780E7002F95D056
:1048C80031061BD492E76FF400022B6828461A6160
:1048D800BDE8F84000F0D8B86FF001022B68284610
:1048E8001A61FFF759FF7AE76FF402522B682846DE
:1048F8001A6100F0BFF8002F3FF478AF6FF48072B0
:104908002B6828461A6100F0B7F86FE76FF040028D
:104918002B6828461A61FFF747FF6CE76FF0200203
:104928002B6828461A6100F0A3F869E76FF4801233
:104938002B6828461A6100F0A1F866E76FF40012A8
:104948002B6828461A6100F09BF863E76FF4800231
:104958002B6828461A6100F095F860E7FFF720FFFA
:10496800A9E7FFF71DFF96E7FFF71AFF80E7FFF7B4
:1049780017FF6AE790F83C30012B69D0022330B466
:104988000268344D80F83D30AA42844653680C686A
:10499800906847D005F18055AA424ED02E4DAA42C4
:1049A80040D005F18055AA423CD023F0007323F093
:1049B80070032343B2F1804F536025D0B2F1A04F6A
:1049C80022D0264B9A421FD003F180539A421BD023
:1049D800234B9A4218D003F180539A4214D0214BAA
:1049E8009A4211D003F180539A420DD01E4B9A423D
:1049F8000AD003F180539A4206D01C4B9A4203D046
:104A080003F180539A4204D18B6820F08000184348
:104A18009060002301228CF83C308CF83D20184629
:104A280030BC70474D6823F470032B4323F00073A8
:104A380023F0700323435360E6E74D6823F47003C3
:104A48002B4323F0007323F070031C435460DBE70F
:104A580002207047002C014000340140000400404F
:104A680000080040000C00400018004000400140D1
:104A7800704700BF704700BF704700BF704700BF56
:104A8800704700BF704700BF704700BF84B00DF18A
:104A9800040C8CE80E0068B103460021026C04B0D7
:104AA80022F000420264026C42F0010202640846ED
:104AB80059647047012004B0704700BF03460022C4
:104AC8004BF680715A641046196470470246136C9D
:104AD800002023F43F4323F080031364704700BF92
:104AE80029B9036C23F000430364002070470129AF
:104AF80005D1036C43F00043036400207047012094
:104B0800704700BF84B00DF1040C8CE80E0003461A
:104B1800012200211A641A6C084622F001021A6464
:104B28001A6C04B022F000421A645964704700BF3E
:104B3800F0B50D7803462AB2B54C50F8220091F82A
:104B480003C00440BCF1030F00F24F81DFE80CF012
:104B5800686B4D0244F4C06448F2800E44EA0E04C7
:104B680043F8224053F82240AA482040284340EA0C
:104B78000E0043F82200087B002860D10020B1F81D
:104B880006E0D4004E784FEA9E0E04F180444FEAC6
:104B98008E0E04F5B234002E00F0E0802168090C76
:104BA80009042160216841EA0E01216053F82210AE
:104BB8004F0609D553F822409649214041F4004157
:104BC80041F0C00143F8221053F822409249BCF149
:104BD800010F01EA04012BD081F0200141F40041CA
:104BE80041F0800143F82210F0BD48F280063443BA
:104BF80043F8224053F82200864F38402843304378
:104C080043F82200087B0028B8D053F82200384027
:104C180040F4014040F0800043F82200002019E0F1
:104C280044F4007498E744F4806495E781F40051F3
:104C380041F4004141F0800143F82210F0BD00200A
:104C480053F82250754C2C4044F4004444F080043E
:104C580043F82240D40004F1804404F5B2342568B6
:104C68006F4EB1F808E03540256025684FEA9E0E82
:104C780045EA8E0525606568B1F80AE0354065604B
:104C880065684FEA9E0E45EA8E056560497871BBF6
:104C980053F822104E0409D553F822405D492140AB
:104CA80041F4404141F0800143F8221053F82210AA
:104CB8004D0609D553F822405649214041F4004198
:104CC80041F0C00143F8221048F2800553F8224011
:104CD8005449214081F44051294343F8221053F8A4
:104CE80022104D4C0C402C4343F82240F0BD53F8A1
:104CF80022104C0409D553F822404649214041F47A
:104D0800404141F0800143F8221053F8221049062F
:104D180009D553F822403F49214041F4004141F070
:104D2800C00143F8221053F822403B49BCF1010F5F
:104D380001EA040118BF81F0200141F4004141F06B
:104D4800800143F8221053F822403649214041F4AB
:104D5800004141F0800143F82210F0BD0E696168FE
:104D6800090C09046160616841EA0E0161606168CB
:104D780021F07C4161603EB33E2E2AD877086168F5
:104D8800F60748BF013741EA8761616053F822108E
:104D98004F0409D553F822401E49214041F44041AF
:104DA80041F0800143F8221053F822401D49214068
:104DB800002D7FF43BAF81F4405141F4004141F0B4
:104DC800800143F82210F0BD616841F00041616044
:104DD800DCE77709F106616808BF07F1FF3741EAA8
:104DE800876141F000416160D0E748F280063443B2
:104DF80043F8224053F822400648204028433043D5
:104E080043F82200087B08B90120B8E6012017E71B
:104E18008F89FF078F8FFF07BF8FFF078F8EFF07D1
:104E28000000FFFF8FBFFF0710B40C7B4A780B7898
:104E3800A4B9002A71D050F82320540600F19480B8
:104E480050F823104E4A5DF8044B0A4042F40042E1
:104E580042F0800240F82320002070476ABB50F8D7
:104E68002320520409D550F82310464A0A4042F438
:104E7800404242F0800240F8232050F82320540694
:104E880009D550F823103F4A0A4042F4004242F044
:104E9800C00240F8232050F823103A4A48F2800410
:104EA8000A4042F4004242F0C00240F8232050F881
:104EB800232035491140324A22E050F8232051047A
:104EC80009D550F823102F4A0A4042F4404242F0D4
:104ED800800240F8232050F82320520639D448F2A3
:104EE800800450F82310274A0A4042F4404242F016
:104EF800800240F8232050F8232021491140224AFB
:104F0800214340F8231050F823100A40224340F868
:104F180023205DF8044B0020704750F823205104EB
:104F280009D550F82310174A0A4042F4404242F08B
:104F3800800240F8232050F82310134A5DF8044BF0
:104F48000A4042F4004242F0800240F82320002048
:104F5800704750F823100B4A0A4042F4004242F0CE
:104F6800C00240F82320BAE750F82310054A0A4047
:104F780042F4004242F0C00240F8232060E700BF3C
:104F8800BF8FFF078F8FFF078FBFFF072DE9F04FF8
:104F98004B780A7B012B85B05DD0002A32D0CA78C5
:104FA800022A00F0A981012A40F0B7808A690C69B9
:104FB800A24294BF0025151B8D6188BF2246002B95
:104FC80037D10B78DB0003F1804303F5B2331C685B
:104FD80024F07C441C60002A00F020823E2A00F263
:104FE800F5825408D5071A6848BF013442EA84623A
:104FF8001A605A6822F07C425A605A6842EA84620F
:105008005A6016E08C690B699C4284BFE21A1C4600
:105018000B788A61DB0003F1804303F5B2335A68E9
:1050280022F07C425A60002C6BD15A6842F0004250
:105038005A600A7812B250F82210AC4B0B4083F435
:10504800405343F4004343F0800340F822300020EB
:1050580005B0BDE8F08FD1F810C08B694C69634585
:1050680028BF6346002A00F003810F78CE78FA0043
:1050780002F18042022E0D6A02F5B23251D0ED1AC9
:105088000D6250F827509EB203366D064FEA03476B
:105098004FEA960603F0030340F177815568B1F8AB
:1050A8000AE0ADB2556055680EF1804E3D430EF5ED
:1050B800B23E55607546002B40F09C81002E00F0F2
:1050C800068135462246AEEB040C1768013D42F8CE
:1050D8000C7002F10402F8D1002B00F0F8800EEBFE
:1050E800860504EB8604012B227808D0022B66780B
:1050F80018BFA37842EA062218BF42EA03422A6090
:10510800E5E03E2C00F2358165085A68E40748BF9F
:10511800013542EA85625A608BE7012005B0BDE897
:10512800F08F0E89AC4506F1804650F827C006F589
:10513800B23680F0FB816E4DB1F80A800CEA0505A5
:1051480045F4014545F0800540F827500D6A08F1FF
:105158008048A5EB030CC1F820C050F827E09DB2A9
:105168000335AD081F041EF0400B019508F5B23851
:105178003D46029703F0030900F059815768BFB212
:10518800576057682F435760019DB9F1000F40F0F1
:105198003F82AB464DB3DE46A446019DA8EB040A08
:1051A800DCF80070BEF1010E4CF80A700CF1040C2A
:1051B800F6D10195B9F1000F15D008EB8B0804EB77
:1051C8008B0BB9F1010F9BF800700AD09BF801C056
:1051D800B9F1020F47EA0C271CBF9BF802C047EA47
:1051E8000C47C8F80070D1F820C00F691C44674507
:1051F8004C61C0F00A821FFA8CF50335AB080193A5
:1052080000234FEA0C4502950CF003090B62136862
:10521800029D9BB2136013682B431360019BB9F185
:10522800000F00F0FF81013B019312D0019D23463E
:105238002A46A6EB040C1F68013A43F80C7003F1E8
:105248000403F8D1B9F1000F41D006EB850604EB51
:105258008504B9F1010F237808D06278B9F1020FFB
:1052680043EA022302D0A27843EA024333602EE0E5
:10527800B1F806E01FFA83FC0EF1804E0CF1030C26
:105288000EF5B23E13F0030875464FEA9C0C40F049
:105298009880BCF1000F0DD065462246AEEB04079E
:1052A8001668013DD65102F10402F9D1B8F1000F98
:1052B80040F09B800A78D20002F1804202F5B232B7
:1052C8001468A4B21460146844EA034313600A78AB
:1052D800084B50F822100B4083F0300343F400438E
:1052E80043F0800340F82230B1E600BF8FBFFF07CC
:1052F8008F8FFF07BF8FFF07FBB90B780C69DB00A7
:1053080003F1804303F5B2331A6822F07C421A6035
:10531800002C76D03E2C00F243811A686508E70716
:1053280048BF013542EA85621A605A6822F07C4219
:105338005A605A6842EA85625A60CB690A78002B3B
:105348003FF478AE44F2400314B250F8245005EA12
:105358000306AB4302D0002E7FF46CAE50F8242035
:10536800B44B134043F4004343F0C00340F82430E7
:105378005FE66509E2065A6808BF05F1FF3542EAAB
:10538800856242F000425A6053E61568B1F808E0B9
:10539800ADB2156015680EF1804E3D430EF5B23E74
:1053A8001560754653BB002E91D035462246AEEBAC
:1053B800040C1768013D42F80C7002F10402F8D1A0
:1053C8008AE6BCF1010C7FF467AFB8F1010F2278CF
:1053D80009D06678B8F1020F18BFA47842EA06220D
:1053E80018BF42EA04422A6064E70EEB8C0504EB1E
:1053F8008C04EAE7013E7FF464AE74E6013ED4D142
:1054080071E61A6842F000421A605A6822F07C423B
:105418005A605A6842F000425A608EE71A6842F0B1
:1054280000421A605A6822F07C425A60FDE517680B
:10543800BFB2176017682F431760019DB9F1000FBD
:1054480040F0DD80AA466DB3CDF80CB0D4462746AF
:105458009B46019DA6EB040E3B68BCF1010C47F886
:105468000E3007F10407F7D15B460195DDF80CB063
:10547800B9F1000F14D006EB8A0604EB8A0AB9F1D9
:10548800010F9AF800700AD09AF801C0B9F1020F1A
:1054980047EA0C271CBF9AF802C047EA0C47376056
:1054A800D1F820C00E691C4466454C61C0F0A48048
:1054B8001FFA8CF50335AB0801934FEA0C430293AE
:1054C8000CF003095368C1F820B09BB253605368CD
:1054D800029D2B435360019BB9F1000F00F0A68099
:1054E800013B019312D0019D23462A46A8EB0407ED
:1054F8001E68013ADE5103F10403F9D1B9F1000F36
:105508003FF4E5AE08EB850804EB8504B9F1010F1B
:10551800237808D06278B9F1020F43EA02231CBF4E
:10552800A27843EA0243C8F80030D0E6424B0CEABE
:10553800030343F4004343F0800340F82730136823
:105548001FFA85FC9BB2136013680CF1030C43EA45
:10555800054315F0030513604FEA9C0C5ED1BCF1BE
:10556800000F3FF4B4AE62462346A6EB040E1F6854
:10557800013A43F80E7003F10403F8D1002D3FF40B
:10558800A6AE06EB8C0604EB8C04012D23783FF4C1
:105598006DAE6278022D43EA02237FF464AE65E6BD
:1055A8001A686509E60608BF05F1FF3542EA856213
:1055B80042F000421A605A6822F07C425A605A68E7
:1055C80042EA856242F000425A60B6E65409D206C1
:1055D8001A6808BF04F1FF3442EA846242F00042CC
:1055E8001A605A6822F07C425A605A6842EA846219
:1055F80042F000425A601CE5ACEB030B62E7B5F1E0
:10560800010A7FF421AFA24639E7ACEB0303FDE5BD
:10561800B5F1010B7FF4BFADA346D2E5BCF1010C97
:10562800A1D1B2E7002B7FF401AE50E6002B7FF446
:105638005AAF4CE68F8FFF078F8EFF074B780A789B
:1056480050F822105BB10C4B0B4083F0100343F46D
:10565800004343F0800340F8223000207047074B96
:105668000B4083F4805343F4004343F0800340F835
:1056780022300020704700BFBF8FFF078FBFFF0792
:105688000B7BA3BB4B780A780BB350F8223010B4CD
:105698005C0609D550F822401B4B234043F40043D5
:1056A80043F0C00340F82230CB78012B0BD050F8E0
:1056B8002210164B0B4083F0200343F4004343F0C1
:1056C800800340F8223000205DF8044B704750F802
:1056D80022305B040DD450F822100D4B0B4083F49C
:1056E800405343F4004343F0800340F82230002045
:1056F800704750F82210044B0B4043F4404343F0EA
:10570800800340F82230E6E78F8FFF07BF8FFF073F
:105718008FBFFF0709B98023C3640020704700BF0B
:1057280003469A6D002042F400429A65704700BF14
:1057380003469A6D002022F400429A65704700BF24
:10574800406C704730B502F18044DD1C13F0030251
:1057580004F5B2344FEA95051FD1EDB10846AC46C1
:10576800A4EB010E0368BCF1010C40F80E3000F107
:105778000400F7D182B104EB850001EB8501012A11
:105788000B7808D0022A4C7818BF8A7843EA042399
:1057980018BF43EA0243036030BD013D2046DDD116
:1057A800EDE700BF70B502F18046DD1C13F003047D
:1057B8004FEA950506F5B23623D10DB3B446AE4689
:1057C8008A1A0CEB0200DCF8003000F14040A0F52A
:1057D800B230BEF1010E03600CF1040CF1D17CB1C2
:1057E80006EB850601EB85013368012C0B7007D0A9
:1057F800022C4FEA132218BF1B0C4A7018BF8B707B
:1058080070BD013DDAD1EFE708B500221749184805
:1058180000F0D8FA70B91749154800F0E7FA88B9C6
:105828001549134800F028FAA0B9114800F0FAFA0F
:10583800B8B908BDFBF7C6FB0E490D4800F0D6FA0B
:105848000028EDD0FBF7BEFB0B49094800F014FA1D
:105858000028EAD0FBF7B6FB054800F0E3FA002879
:10586800E7D0BDE80840FBF7ADBB00BFDC00002077
:10587800180B00205000002094000020D0F8D432EB
:1058880010B500EB8300D0F8C04284B1D0F8C43220
:105898005BB194F80002FF2807D09B68214694F872
:1058A80001229847FF2384F80032002010BD03200E
:1058B80010BD00BF03460A2201481A80704700BF86
:1058C8008800002070B5822106460F4800F0F0FBE2
:1058D800012105460C4800F0EBFB812104460A48EB
:1058E80000F0E6FB0DB11022AA711CB10021402284
:1058F8006171227118B10021402241710271432364
:105908000148338070BD00BF0C00002070B58221B3
:1059180006460F4800F0CCFB012105460C4800F074
:10592800C7FB812104460A4800F0C2FB0DB11022D2
:10593800AA711CB1002102222171627118B10021E3
:1059480002220171427143230148338070BD00BFB8
:105958000C00002038B5D0F8D432B03350F82350BA
:105968009DB1044601F022F90246D4F8D432D5F8A4
:10597800040204EB8304D4F8C43205F50371DB6830
:10598800C5F80C229847002038BD032038BD00BF59
:1059980070B5D0F8D442D0F8C86200EB8404D4F8CB
:1059A800C05235B301F00F0C0CEB8C0E00EB8E0CD3
:1059B800DCF814300A466BB90021D4F8C4321B69EC
:1059C800C5F8141223B1D5F8080205F504719847F3
:1059D800002070BD06EBCE06766AB3FBF6FE06FB2A
:1059E8001E33002BE8D11A46CCF8143001F0C6F863
:1059F800EEE7032070BD00BF002370B582B08DF8BC
:105A08000530ADF80630D0F8D43200EB8303D3F874
:105A1800C06266B191F800C004461CF060020D46F1
:105A28001ED0202A06D02946204600F0F9FD032082
:105A380002B070BDCA8891F801E07AB31CF0800FFB
:105A48004CD0D3F8C432314670469B689847EA88F0
:105A58003146072A28BF0722204600F00BFF22E024
:105A68004B780B2BDFD801A252F823F0BD5A00085F
:105A7800AF5A00082F5A00082F5A00082F5A00085A
:105A88002F5A00082F5A00082F5A00082F5A0008CA
:105A98002F5A0008D15A0008B35A0008D3F8C43264
:105AA80070469B6898470020C2E790F89C32032B09
:105AB800F9D0B8E790F89C32032BB4D102220DF14B
:105AC800060100F0D7FEEEE790F89C32032BAAD12E
:105AD80001220DF1050100F0CDFEE4E7402A28BFC0
:105AE8004022314686F800E286F8012200F0DCFE0A
:105AF800D9E700BF38B504460025812100F0FAFF38
:105B08000121204684F8375000F0F4FF8221204616
:105B180084F8775100F0EEFFD4F8D43284F84B5073
:105B2800656404EB8303D3F8C0228AB1D3F8C43286
:105B38005B689847D4F8D432B03354F8230001F0A6
:105B48003DF8D4F8D432B03344F82350C4F8BC52EA
:105B5800002038BDF8B504464FF4077001F02AF864
:105B6800054600285DD04FF40772002102F093F833
:105B7800D4F8D432B03344F82350237CC4F8BC5250
:105B8800C3B3402302228121204600F0A5FF012152
:105B980040230222204684F8371000F09DFF4FF082
:105BA800100C01270026032208238221C4F844C0D0
:105BB800204684F8777100F08FFFD4F8D43284F847
:105BC8004B7004EB8303D3F8C432C5F804621B6836
:105BD8009847D5F80422C5F81462C5F818622AB3A4
:105BE800237CC3B94FF400733946204600F0D2FF36
:105BF8000020F8BD4FF4007302228121204600F0F6
:105C08006BFF01214FF400730222204684F83710FD
:105C180000F062FFC3E740233946204600F0BAFF90
:105C2800E6E7D4F8D432B03344F823000220F8BDB4
:105C380070B5822106460F4800F03AFA0121054660
:105C48000C4800F035FA812104460A4800F030FA81
:105C58000DB11022AA711CB100214022617122717C
:105C680018B1002140224171027143230148338059
:105C780070BD00BF0C000020034639B1D0F8D42213
:105C8800002003EB8203C3F8C41270470320704757
:105C9800D0F8D432B03350F823302BB10020C3F8F9
:105CA8000812C3F81022704703207047D0F8D43286
:105CB800B03350F823301BB10020C3F804127047EA
:105CC80003207047D0F8D43270B5B03350F8235061
:105CD8008DB1D5F814420CB1012070BD0126D5F85C
:105CE8001032D5F80822C5F814628121836200F0C9
:105CF80045FF204670BD032070BD00BFD0F8D422F8
:105D0800B03250F822208AB108B5037CD2F80422B8
:105D18002BB14023012100F03DFF002008BD4FF4C6
:105D28000073012100F036FF002008BD03207047F2
:105D380000207047002070470020704770B50C465F
:105D4800094E0146094D3046FFF7B0FF3046FFF7D0
:105D5800D5FF21682846FBF7A3FB002128462268C7
:105D680001F099FF002070BD180B0020F4150020E9
:105D780010B5064C002220460549FFF789FF20464A
:105D88000449FFF793FF002010BD00BF180B002047
:105D9800F40D0020F415002010B5094CD4F8BC32DD
:105DA800D3F814320BB1012010BD0A460146204633
:105DB800FFF76EFF2046BDE81040FFF783BF00BF26
:105DC800180B002078B10023C0F8B832C0F8C432EC
:105DD800C0F8D03209B1C0F8B4120123027080F8BB
:105DE8009C3200F02DBE0320704700BF002310B581
:105DF80082B0ADF8063089B1CB6A0446C0F8B81253
:105E080023B10DF106009847C4F8D0020020D4F859
:105E1800D8320133C4F8D83202B010BD032002B022
:105E280010BD00BF00F04CBED0F8B8320BB11B68F3
:105E380018471846704700BF08B5D0F8B8325B68F5
:105E48009847002818BF032008BD00BF38B504468E
:105E580000F2AA25284600F0D7FB0122B4F8B03298
:105E680094F8AA12C4F8983201F01F039342C4F8B8
:105E7800942209D0022B13D063B12046BDE83840E4
:105E880001F0800100F042BE29462046BDE83840B6
:105E980000F0D2BA29462046BDE8384000F024B9BF
:105EA80029462046BDE8384000F002BB10B504463C
:105EB80029B9D0F89422032A10D0002010BD90F8F8
:105EC8009C32032BF9D1D0F8B8329B69002BF4D05F
:105ED800BDE810400022C0F8D42218470B46B0F89D
:105EE8006021D0F85811914208D890F89C22032AD2
:105EF80012D0204600F0F2FC002010BD8B1AD0F81A
:105F080064119A421144C0F8583138BF1A46C0F893
:105F1800641100F0D9FCD0E7D0F8B8221269002A41
:105F2800E7D0C0F8D4329047E3E700BF70B5044625
:105F380059B9D0F89432022B16D094F8A03213B184
:105F4800002384F8A032002070BD90F89C32032B07
:105F5800F9D1D0F8B8325B69002BF4D0BDE87040B5
:105F68000022C0F8D42218478269038C0D469A4251
:105F780010D81DD094F89C32032B2CD080212046B9
:105F880000F0C4FD204600F0B5FC94F8A032002BC8
:105F9800D9D0D5E7416AD21A19448261416200F02A
:105FA80079FC2B462A462946204600F0F3FDC4E733
:105FB80043699A42DED8D0F898229342DAD20A4648
:105FC80000F068FC2B462A4629462046C4F8985219
:105FD80000F0E0FDB1E7D4F8B832DB68002BCDD093
:105FE80000222046C4F8D4229847C7E7002101229E
:105FF800F8B5D0F8B83280F89C2204464160C0F861
:106008009412C0F8A41280F8A0121BB15B680BB1FF
:106018009847B8B90027402300221D46012611469B
:10602800204600F059FD2B4600228021204684F8A6
:106038006361A4F8605100F04FFD84F8236038468E
:106048002584F8BD0327E6E7034600201974704746
:1060580090F89C220346042A04D090F89C22D2B2DD
:1060680080F89D220422002083F89C22704700BFFC
:1060780090F89C32042B04D190F89D32DBB280F862
:106088009C320020704700BF90F89C22032A01D060
:106098000020704708B5D0F8B83213B1DB6903B1F6
:1060A8009847002008BD00BF0020704700207047B7
:1060B80000B50278B0F802E0964511D9134602E01F
:1060C8009E450DD90278104490F801C01344BCF1E4
:1060D800050F9BB2F4D182788A42F1D15DF804FBB6
:1060E80000205DF804FB00BF70B50B780D4603F087
:1060F8006003202B044682B00ED0402B0CD0BBB1DD
:106108008021204600F002FD0021204600F0FEFC20
:106118000025284602B070BD29462046D4F8D4325E
:10612800AE3354F823309B6802B0BDE8704018477E
:106138004B78092BE4D801A252F823F0A561000896
:10614800CD61000809610008EB61000809610008D9
:1061580003620008436200080961000879620008C8
:106168006D6100088978B34D0129297000F24881D2
:1061780090F89C32022BDEB200F02F81032E00F043
:106188000C81802100F0C2FC0021204600F0BEFCFA
:1061980020462978FFF750FE0325BAE790F89C328D
:1061A800013B022BACD8CA88022AA9D1D0F8A43264
:1061B8000146002B0CBF0123032341F80C3F00F0DC
:1061C80059FBA5E790F89C32013B022B98D84B88E5
:1061D800012B9DD100232046C4F8A43200F07EFB99
:1061E80096E74B88012BF6D0022B89D18B881B0AA6
:1061F80080F8A03200F072FB8AE78B88002B7FF4CE
:106208007FAFCB88002B7FF47BAF4D887F2D3FF687
:1062180077AF90F89C32032B3FF472AFE9B280F865
:106228009E1200F09FFC204600F058FB002D00F065
:10623800FD80022384F89C326AE700216A88ADF861
:106248000610130A013B062B3FF65AAF01A151F87D
:1062580023F000BF0D630008F36200081D63000807
:106268000961000809610008DD620008A1620008F0
:10627800CA88012A7FF444AF90F89C120229CBB255
:1062880000F28480002B3FF43BAF0146002341F825
:10629800083F00F0EFFA3BE7037C002B7FF430AFB8
:1062A800D0F8B8320DF106001B6B984707234370EE
:1062B800EB88002B66D0BDF80620002A3FF420AFFB
:1062C8009A4228BF1A4601462046ADF8062000F03B
:1062D800D1FA1DE7037C002B7FF412AFD0F8B83257
:1062E8000DF106005B6B9847E2E7027CD0F8B83204
:1062F800002A40F08D809B6A0DF106009847022322
:106308004370D5E7D0F8B4320DF106011B68007C64
:106318009847CDE7D2B2052A3FF6F2AEDFE802F0A1
:1063280026201A140E03D0F8B4329B69002B3FF4D0
:10633800E7AE207C0DF106019847B9E7D0F8B432F2
:106348005B69002BF5D1DBE6D0F8B4321B69002B72
:10635800EFD1D5E6D0F8B432DB68002BE9D1CFE62F
:10636800D0F8B4329B68002BE3D1C9E6D0F8B43238
:106378005B68002BDDD1C3E60223416080F89C32C4
:10638800FFF75AFD204600F0A9FAC1E6032B7FF477
:10639800B7AE011D00F06EFABAE60029ECD04168EC
:1063A8000129EFD0C9B2FFF747FD2978204661607F
:1063B800FFF73AFD05460028E4D08021204600F08A
:1063C800A5FB0021204600F0A1FB20462179FFF71C
:1063D80033FD022384F89C329BE60029D2D00121A8
:1063E8004160FFF721FD0546C8B18021204600F035
:1063F8008DFB0021204600F089FB84F89C6288E62A
:10640800802100F083FB0021204600F07FFBC3E6DB
:10641800DB6A0DF1060098470223437048E72046DF
:1064280000F05CFA032384F89C3271E6012384F8B7
:106438009C326DE6F41D002038B50B780D465A06DF
:1064480004460CD503F06002402A08D0802100F0F1
:106458005DFB0021204600F059FB002038BD94F870
:106468009C32013B022B02D82979012908D98021C5
:10647800204600F04BFB0021204600F047FBECE7EC
:106488002046FFF711FE88B9D4F8B8329B686BB183
:10649800C4F8D402294620469847EA88002ADDD164
:1064A8000028DBD1204600F019FAD6E7032038BDD2
:1064B80070B50C4623788A8803F06003202B0546C4
:1064C80082B0D1B21ED0402B1CD06BB3802128469D
:1064D80000F01CFB0021284600F018FB002002B049
:1064E80070BD90F89C32022BDAB25ED0032AEDD14F
:1064F8006388002BF2D14E067DD12846019100F029
:10650800EDF901992846FFF7D1FD0028E6D1D5F825
:10651800B832C5F8D4029B68002BDFD02146284644
:1065280002B0BDE8704018476678012ED9D0032E16
:106538002AD0002ECAD190F89C32022BD8B23DD076
:106548000328C3D101F00F0303EB8303120605EB05
:10655800830343D493F86331002BB7D0142401F09C
:106568007F0304FB035404F5AA742BB1284600F0FA
:10657800E5FA002818BF012621460222284601F81C
:106588000E6F00F077F9A9E790F89C32022BDAB287
:106598000BD0032A9AD163881BB94A0601D0E38835
:1065A80073B3284600F09AF998E74B068ED000F0AE
:1065B800ADFA8021284600F0A9FA8FE7480685D170
:1065C800002311064CBF05F1140105F5AA7102223A
:1065D800284601F80E3F00F04DF97FE793F8233085
:1065E800002B3FF473AF01F07F035C1C04EB8404C1
:1065F80005EB8404B9E7019100F094FA01997CE76E
:1066080000F084FACDE700BF0B7803704B78437035
:106618004B8843808B888380CB88C380704700BFBA
:1066280010B50446802100F071FA2046BDE81040FC
:10663800002100F06BBA00BF48B370B50378054677
:106648000E46144623B30130F9F722FE431CDBB291
:106658000133642B4FEA430215D9C8231946032294
:106668002180337072702C7864B12846022300218F
:106678005A1CD2B2F454B15410F8014F0233DBB2B1
:10668800002CF5D170BD91B202F0FE03E7E7704728
:1066980002231946E3E700BF122301480B80704725
:1066A800C8000020042301480B807047C400002064
:1066B80010B5044C0A4604482146FFF7BDFF2046A2
:1066C80010BD00BFF81D002088B4000810B5044CA8
:1066D8000A4604482146FFF7AFFF204610BD00BF19
:1066E800F81D00209CB4000810B5044C0A46044864
:1066F8002146FFF7A1FF204610BD00BFF81D00206E
:10670800B4B4000810B5044C0A4604482146FFF703
:1067180093FF204610BD00BFF81D0020C0B400083C
:106728004FF01A0C514AD2F80038D2F80808A1F8EC
:1067380000C01B1801D14E487047D2F80418180F32
:106748004B4AB3F1204F2CBF37303030C3F3036CC2
:1067580000B590706046BCF1090F8CBF37303030FF
:10676800C3F3035C10716046BCF1090F8CBF37306E
:106778003030C3F3034C90716046BCF1090F8CBFF5
:1067880037303030C3F3033C10726046BCF1090F58
:106798008CBF37303030C3F3032C907260464FF013
:1067A800000EBCF1090F8CBF37303030C3F3031C27
:1067B8001073604682F803E04FF0000EBCF1090F39
:1067C8008CBF37303030907303F00F000346092830
:1067D8004FF000004FF0000C82F805E04FF0000E7B
:1067E80094BF303337331374B1F1204F4FEA11732C
:1067F8002CBF373330335074C1F3036093740346AE
:1068080082F807E082F80FC04FF0000E4FF0000C3E
:1068180009288CBF37333033C1F30350137503464F
:1068280082F809E082F813C04FF0000E4FF0000C18
:1068380009288CBF37333033C1F3034093750346BF
:10684800002182F80BE082F815C04FF0000E4FF0DF
:10685800000C092894BF3033373382F80DE082F8F2
:1068680017C01376517602485DF804FB00F0FF0864
:10687800A800002010B513468E4602240021724657
:10688800C0E90533C0F89442C0F824E000F076F976
:10689800002010BD8C4608B500211346624600F062
:1068A8006DF9002008BD00BF10B513468E460324BD
:1068B80000217246C0E95533C0F89442C0F864E13B
:1068C80000F068F9002010BD8C4608B50021134679
:1068D800624600F05FF9002008BD00BF002310B534
:1068E80004241A461946C0F8944200F047F90020DB
:1068F80010BD00BF002310B505241A461946C0F87C
:10690800944200F047F9002010BD00BF00000000CD
:1069180010B50446B6B0D022002102A801F0BBF998
:10692800174B22689A4201D036B010BD9FED127BFA
:10693800302302A88DED027B3393FDF749F8C0B9E7
:10694800FCF7FCF90F4B0022D3F8A4104A2041F0C1
:106958008071C3F8A410D3F8A430032103F0807326
:106968000193019BFAF75AFE4A20FAF793FE36B0D4
:1069780010BDFAF727FBE3E7000000001000000055
:1069880000600140000C02440146D0F8E00201F525
:106998002771FFF75BBA00BF01EB810300EBC3036C
:1069A800D3F86821D0F8E002FFF780BA01EB810341
:1069B80000EBC3039A6AD0F8E002FFF7B7BA00BF4A
:1069C800D0F8E002FFF760BB10B5C3790446022B8C
:1069D80001D0FAF7F7FAD4F8E0020121FFF734FB07
:1069E800D4F8E002BDE81040FFF700BB10B504463C
:1069F800D0F8E002FFF72CFBE37A2BB1D4F8E032B1
:106A080093F89D32032B00D010BD054B1A6922F074
:106A180004021A611A6942F002021A6110BD00BF2D
:106A280000ED00E0C37A23B1044A136923F006039A
:106A38001361D0F8E002FFF71BBB00BF00ED00E0D8
:106A4800082208B51C4B02211A7102464FF0000CAF
:106A5800D971C3F809101949C3F8E0221846C2F8D9
:106A6800C832C3F80DC01960FBF792F900BB0022C9
:106A7800142311461048FCF72DF9542300228021D5
:106A88000D48FCF727F99423002281210A48FCF7D6
:106A980021F9D423002201210748FCF71BF94FF400
:106AA8008A73002282210448FCF714F9002008BDEB
:106AB800FAF788FADBE700BF940300200060014082
:106AC80008B5D0F8C802FBF769FA18B102280CBF5C
:106AD8000120032008BD00BF944608B51A46D0F827
:106AE800C8026346FBF7BEFF18B102280CBF01209D
:106AF800032008BD08B5D0F8C802FBF7F1FF18B1AC
:106B080002280CBF0120032008BD00BF08B5D0F83B
:106B1800C802FCF761F818B102280CBF0120032055
:106B280008BD00BF08B5D0F8C802FCF793F818B143
:106B380002280CBF0120032008BD00BF0A06D0F8B8
:106B4800C83206D401EB810103EBC10393F8560167
:106B5800704701F07F0101EB810103EBC103987DD0
:106B6800704700BF08B5D0F8C802FBF767FF18B137
:106B780002280CBF0120032008BD00BF08B5D0F8CB
:106B8800C802FCF70BF818B102280CBF012003203B
:106B980008BD00BF08B5D0F8C802FBF7DBFF18B185
:106BA80002280CBF0120032008BD00BFD0F8C8028E
:106BB800FBF7EABF00487047C01E0020704700BFBF
:106BC8002DE9F0433C4C864622780846A2B14FF6A0
:106BD800FF72BEF1000F0CD058B1384970441EF84E
:106BE800013B5340DBB231F81330864583EA122269
:106BF800F5D11046BDE8F0834AF2010C30494CE06B
:106C08004FF420534FF4F0484FF201094FF4A047D6
:106C18004AF2010686EA550606F00106002E1CBF58
:106C28004F46434687EA9507FE0744BF83EA0C03AD
:106C38009BB283EAD506F707C3F34F0348BF83EA3D
:106C48000C0383EA1516F6074FEA530344BF83EA99
:106C58000C039BB283EA5516F7074FEA530344BF68
:106C680083EA0C039BB283EA9516F6074FEA5303AF
:106C780044BF83EA0C039BB283EAD515ED074FEABC
:106C8800530348BF83EA0C0302F1010248BF9BB2D9
:106C9800B2F5807F21F8023F0AD012F0010695B2C2
:106CA800AED1334637464FF4A0484AF20109B1E75E
:106CB800012323708BE700BFE0220020E0200020A2
:106CC800DE20002038B50B46154654000146224602
:106CD800184601F06EF87DB10146431C221891F860
:106CE80001C013F8010C0231914203F801CC01F8FC
:106CF800010C03F10203F2D138BD00BF30B51446D0
:106D0800CDB04FF49672054601A801F052F8620022
:106D18007CB102F598710DEB010E01ABAEF5967ED4
:106D280093F800C0597883F801C01970023373458D
:106D3800F6D1284601A901F03CF84DB030BD00BF9E
:106D48002DE9FF4757EC106B002F0C4619463B46C0
:106D5800B4BF07F1004300239146BFBF32461F4628
:106D68002D231646DDF830A00B700D9B23F020086C
:106D7800B8F1460F05D0B8F1450F00D10134022112
:106D880000E0032103AB2246019302AB47EC106BF2
:106D98000093534601F0B0F8B8F1470F054619D1F2
:106DA80019F0010F0ED000EB040900220023304631
:106DB8003946F9F799FE08B1CDF80C903022039BBB
:106DC8004B451ED3039B28460E9A5B1B136004B0E9
:106DD800BDE8F087B8F1460F00EB0409E5D1037868
:106DE800302B0AD10022002330463946F9F77CFEC1
:106DF80018B9C4F10104CAF80040DAF8003099441F
:106E0800D3E7591C03911A70D9E7F7B50029027026
:106E1800BABF49422D232B230929437028DD0DF1E0
:106E280007030A271D461A46013BB1FBF7F607FB85
:106E38001614303402F8014C0C463146632CF2DC4F
:106E48003031941E03F8011C411C2346AB420AD37F
:106E58000DF109039B1AAC4288BF00230233034497
:106E6800181A03B0F0BD13F8016B01F8016FEDE7D4
:106E7800302330318370031DC170F1E72DE9F04FE5
:106E88008DB00C4616461F46DDF85880054600F0C2
:106E98000BFF036818460493F9F7FAF900230590E5
:106EA8000A93D8F8003094F818A00733D4F800B043
:106EB80023F0070303F10802C8F800204FF0FF325F
:106EC800D3E9008929F00043CDF8188007939D4B3A
:106ED800DDE90601C4E91289F9F738FE70BB4FF005
:106EE800FF32984BDDE90601F9F712FE30BB0022AC
:106EF800002340464946F9F701FE10B12D2384F8D6
:106F08004330914A914BBAF1470F94BF9046984647
:106F180003234FF0000923612BF004032360334659
:106F28000BAA21462846009700F0D2F9013040F01C
:106F38008D804FF0FF300DB0BDE8F08F42464B46D4
:106F480040464946F9F702FE40B14B46804A002BBD
:106F5800BCBF2D2384F843307E4BD4E70AF0DF0210
:106F6800636806925A1C3BD1062363604BF4806227
:106F780000232846226003930AABCDE901A309AB9D
:106F880049EC108B00930DF123036168FFF7D8FEDD
:106F9800069B80460999472B29D1C81C02DB6368E8
:106FA800994241DDAAF1020A5FFA8AFA013952468A
:106FB80004F150000991FFF728FF0A9A8146131837
:106FC800012A236102DC2268D20701D5013323613B
:106FD8009DF82330002BA2D02D2384F843309EE760
:106FE800069A472AC2D1002BC0D10123BDE7BAF1C6
:106FF800650FDBD9BAF1660F18D1002963680BDD7C
:10700800216113B92268D00702D501330B442361EB
:107018004FF00009A165DBE713B92268D20701D553
:107028000233F4E70123F2E74FF0670A0A9B99421B
:1070380005DB23682161D807EAD54B1CE7E700295F
:10704800D4BFC1F1020201221344E0E723685A05C4
:1070580007D42369424631462846B84701302BD128
:1070680067E7BAF1650F40F2DD8000220023D4E91A
:107078001201F9F739FD002833D00123364A314689
:107088002846B84701303FF454AFDDE90938434595
:1070980002DB2368D8070FD531462846DDE90423EB
:1070A800B84701303FF445AF4FF0000908F1FF3809
:1070B80004F11A0AC84509DC23689B0700F103811B
:1070C800E0680B9B9842B8BF184634E70123524644
:1070D80031462846B84701303FF42BAF09F1010982
:1070E800E8E7099B002B39DC01231B4A3146284677
:1070F800B84701303FF41DAFDDE9093959EA030308
:1071080002D12368D907D7D531462846DDE90423BB
:10711800B84701303FF40DAF4FF0000A04F11A0BE5
:10712800099B5B42534501DC4B4693E701235A46D2
:1071380031462846B84701303FF4FBAE0AF1010A50
:10714800EEE700BFFFFFEF7FCEB40008D2B400081F
:10715800D6B40008DAB40008DEB40008A36DDDF880
:1071680028A05345A8BF5346002B994636DC4FF05C
:10717800000B29EAE97904F11A02A36D0693A3EB3F
:1071880009035B4531DC099B9A453ADC2368DA0739
:1071980037D4099BAAEB0309069BAAEB030399457D
:1071A800A8BF9946B9F1000F33DC4FF0000829EA6F
:1071B800E97904F11A0B099BAAEB0303A3EB090372
:1071C80043457FF779AF01235A4631462846B847E9
:1071D80001303FF4AEAE08F10108ECE74246314613
:1071E8002846B8470130C2D1A3E6012331462846D4
:1071F8000692B84701303FF49CAE0BF1010B069A9A
:10720800BBE7DDE9042331462846B8470130C0D141
:107218008FE6069A4B46314628464244B847013025
:10722800C3D186E6DDF828A0BAF1010F01DCDB073F
:1072380036D50123424631462846B84701303FF447
:1072480078AE31462846DDE90423B84701303FF4DB
:1072580070AE002200230AF1FF3AD4E91201F9F7CF
:1072680043FCC0B9534608F1010231462846B847E5
:1072780001300CD15DE601235A4631462846B8470D
:1072880001303FF456AE08F10108D045F3DB4B4618
:1072980004F15002DFE64FF0000804F11A0BF4E79E
:1072A80001234246E1E701234A4631462846B847CA
:1072B80001303FF43EAE08F10108E3680B995B1A10
:1072C8004345F0DCFCE64FF0000804F11909F4E747
:1072D8002DE9F047164698468A6807460B690C461A
:1072E800DDF820909342B8BF1346336091F84320ED
:1072F8000AB1013333602368990642BF3368023309
:107308003360256815F0060506D104F1190AE3680B
:1073180032689B1AAB422BDC94F843302268003B5E
:1073280018BF0123920630D404F14302414638467F
:10733800C847013023D023681A3454F80A2C03F0C4
:107348000603042B0ABF54F80E5C002533684FF07F
:10735800000608BFED1A54F8123C08BF25EAE57587
:107368009342C4BF9B1AED18B5421AD1002008E019
:107378000123524641463846C847013003D14FF0F1
:10738800FF30BDE8F0870135C1E7E1185A1C30200D
:107398000233224481F8430094F8451082F84310E0
:1073A800C2E70123224641463846C8470130E6D0A5
:1073B8000136D9E72DE9FF470F7E914680460C46F6
:1073C800782F9A460C9E01F1430207D8622F0AD8FB
:1073D800002F00F0D280582F00F0B98004F1420647
:1073E80084F842703AE0A7F16303152BF6D801A19F
:1073F80051F823F05574000869740008E573000813
:10740800E5730008E5730008E5730008697400086F
:10741800E5730008E5730008E5730008E5730008E4
:10742800697500089374000823750008E57300085F
:10743800E57300088B750008E5730008937400086D
:10744800E5730008E57300082B75000833681A1DFA
:107458001B68326004F1420684F8423001239DE043
:1074680033682068191D3160060601D51D6803E0E0
:107478004506FBD5B3F90050002D03DA2D236D42E4
:1074880084F8433059480A2311E021683368080614
:1074980053F8045B02D4490648BFADB26F2F33607E
:1074A800524814BF0A230823002184F84310666851
:1074B800002EA660A2BF216821F0040121600DB949
:1074C800002E4BD01646B5FBF3F103FB1157C75DF1
:1074D80006F8017D2F460D46BB42F4D9082B0BD187
:1074E8002368DF0708D5236961689942DEBF302326
:1074F80006F8013C06F1FF36921B22614B4603AAAF
:1075080021464046CDF800A0FFF7E2FE01304AD1FF
:107518004FF0FF3004B0BDE8F087236843F0200344
:10752800236078273248236884F845701F0631683D
:1075380051F8045B02D45F0648BFADB23160D90789
:1075480044BF43F0200323601DB11023ACE7274854
:10755800E9E7236823F020032360F6E71646BDE732
:1075680033682568181D616930602E061B6801D5CF
:10757800196002E06806FBD51980002316462361CE
:10758800BCE7336800211A1D32601E686268304605
:1075980000F001FC08B1801B606063682361002370
:1075A80084F84330AAE72369324649464046D04723
:1075B8000130ADD023689B0713D4E068039B984241
:1075C800B8BF1846A6E70123324649464046D04789
:1075D80001309DD00135E36803995B1AAB42F2DCB8
:1075E800EBE7002504F11906F5E700BFE0B4000851
:1075F800F1B400082DE9F04F87B0174680460C46D5
:1076080003938B685A1EB2F5AE7F0A4689BF6FF4A2
:10761800AE754FF0000B03EB050B40F25D134FF016
:10762800000588BF8B600B68AA46A946029543F4FB
:10763800F06342F81C3B16460192CDE90455A26856
:1076480052B13B681B784E2B64D8402B3CD8A3F131
:107658002B01C8B20E283AD9B9F1000F03D023681C
:1076680023F4807323600AF1FF3ABAF1010F00F2A4
:107678001781019B9E4200F20881012007B0BDE8F6
:10768800F08FA3F161020D2AE6D801A151F822F08A
:10769800DF770008617600086176000861760008E7
:1076A8003F780008177800086176000861760008BE
:1076B800ED770008617600086176000861760008B9
:1076C80061760008A5770008A3F14102DBE70E29DF
:1076D800C2D801A050F821F095770008617600081B
:1076E800957700082B780008617600083D77000838
:1076F8007B7700087B7700087B7700087B7700089A
:107708007B7700087B7700087B7700087B77000889
:107718007B7700086E2B09D8602BB2D8542B7BD00E
:10772800592B99D1072D97D108252CE0742B73D0AC
:10773800792BF6E72168C8051BD521F0800109F1EE
:1077480001092160BBF1000F03D001320BF1FF3BAF
:10775800A260A368013BA3602369013323617B68AE
:10776800013B002B7B6040F387803B6801333B6023
:1077780065E71AEB05017FF46FAF22680D468A466C
:1077880022F4C072226006F8013BE2E72268100684
:107798007FF562AF22F080022260F4E7BAF1000FB1
:1077A8000ED1B9F1000F0ED1226802F4E061B1F5F3
:1077B800E06F08D122F4F0624FF0010A2260E2E79C
:1077C800BAF1020F55D0012D02D0042D7FF444AF39
:1077D8000135EDB2D7E7BAF1010F7FF43DAF4FF0B5
:1077E800020AD0E77DB9B9F1000F7FF438AF2268FB
:1077F80002F4E061B1F5E06F40F0078122F4F06235
:1078080001252260BFE7032DE2D0052DDEE7022D1A
:107818007FF422AF0325B6E7062D7FF41DAF0725B9
:10782800B1E7226891057FF517AF22F42072CDF8F1
:1078380008902260A7E7226802F4A061B1F5806F82
:1078480006D050057FF508AFB9F1000F00F0DD80D4
:10785800910522F4F06258BF029942F4C07258BFF1
:10786800A9EB010122604FF0000958BFCDE90416C9
:1078780089E74FF0030A86E7D4F880313946404655
:10788800984700283FF4DBAEE6E6D4F87C313A4668
:1078980016F8011D404698472369013B2361E8E635
:1078A8006B1E062B24D8022D36D8019B9E427FF6EC
:1078B800E4AED4F87C313A4616F8011D40469847A4
:1078C8002369013B2361F0E7D4F87C313A461BF881
:1078D800011D404698472369013B23610AF1FF3A9D
:1078E8005FFA8AFABAF1020FEED1033DEDB2761BC8
:1078F8002368DA052FD55B0511D5019B9E427FF6DB
:10790800BCAED4F87C313A4616F8011D404698477B
:107918002369013B2361F0E7AA46B346DEE716F880
:10792800011C751E2369652903F1FF3323610CD0FF
:1079380045290AD0D4F87C313A464046B51E9847C6
:10794800236916F8021C013B23612E46D4F87C31CA
:107958003A4640469847226812F0100201D00020AB
:107968008CE63270236803F4C063B3F5806F1CD1D2
:10797800029B4B45A3EB090223D100220199404603
:1079880002F03EFC2168039B11F0020F1B6857ECC4
:10799800106B03F104021FD003990A601B68C3E946
:1079A8000067E3680133E360D9E7049B002BE4D068
:1079B80005990A234046013102F0A2FC049B059E6A
:1079C800C21A04F26F1312499E4228BF04F5B77613
:1079D800304600F0E3F8D0E711F0040F03990A608D
:1079E800DCD11D6832463B4630463946F9F7AEF8D9
:1079F80028B1084800F0EAF985ED000AD1E73046D9
:107A08003946F9F701F92860CBE74FF000092AE673
:107A180002B500089DB80008002310B5044683602D
:107A2800818119464366C28108228361C0E9003317
:107A3800C0E904335C3000F02EF90D4B2462636218
:107A48000C4BA3620C4BE3620C4B23630C4B9C4224
:107A580006D003F16802944202D0D0339C4205D18B
:107A680004F15800BDE8104000F092B910BD00BF05
:107A7800E57B0008077C00083F7C0008637C000861
:107A8800E4220020024A0349034800F069B800BF15
:107A9800F8000020C5A600080801002041680C4B2A
:107AA800994210B5044601D002F008FEA168094BBE
:107AB800994202D0204602F001FEE168064B994245
:107AC80004D02046BDE8104002F0F8BD10BD00BF4C
:107AD800E42200204C230020B423002010B50B4BD7
:107AE80004210B4C0B4A20461A600022FFF794FF32
:107AF80004F1680001220921FFF78EFF04F1D0008C
:107B080002221221BDE81040FFF786BF1C24002086
:107B1800E42200208D7A0008014800F03AB900BF3D
:107B280025240020014800F035B900BF2524002095
:107B380010B50446FFF7F0FF236A1BB1BDE81040FB
:107B4800FFF7F0BF044B2362044B1B68002BF5D1F1
:107B5800FFF7C4FFF2E700BFA57A00081C24002045
:107B68002DE9F8430746884614460026D4E90195CE
:107B7800B9F1010905D52468002CF7D13046BDE8D4
:107B8800F883AB89012B07D9B5F90E30013303D03F
:107B980029463846C04706436835E9E70EB400B5BC
:107BA8009CB06FF000411DAB0290069007910491C4
:107BB8000848094953F8042B059102A90068019364
:107BC80002F0FCFB029B00221A701CB05DF804EB6B
:107BD80003B07047040100200802FFFF10B50C46EF
:107BE800B1F90E1000F086F80028ABBF636DA389C9
:107BF8001B1823F48053ACBF6365A38110BD2DE926
:107C0800F0411F468B8905460C46DB05164605D50F
:107C180002230022B1F90E1000F05AF8A389324667
:107C2800B4F90E10284623F48053A3813B46BDE8DF
:107C3800F04100F071B810B50C46B1F90E1000F023
:107C480047F8431CA38915BF606523F4805343F4A8
:107C58008053A38118BFA38110BDB1F90E1000F0A5
:107C680027B8884210B501EB020402D984422346A2
:107C780007D8431EA14208D011F8012B03F8012FA1
:107C8800F8E7024401468A4200D110BD13F8014DBD
:107C980002F8014DF7E702440346934200D17047CA
:107CA80003F8011BF9E70000004870474402002070
:107CB80038B50023054D044608462B60F9F7D6F978
:107CC800431C02D12B6803B1236038BD2024002057
:107CD80038B50446064D0846114600222A601A4661
:107CE800F9F7D0F9431C02D12B6803B1236038BDE2
:107CF8002024002038B50446064D084611460022C7
:107D08002A601A46F9F796F9431C02D12B6803B189
:107D1800236038BD2024002038B50446064D0846A7
:107D2800114600222A601A46F9F792F9431C02D13B
:107D38002B6803B1236038BD20240020014B18684C
:107D4800704700BF0401002070B50D4D00260D4C92
:107D5800641BA410A64209D10B4D00260B4C03F05E
:107D680071FB641BA410A64205D170BD55F8043BF5
:107D780001369847EEE755F8043B01369847F2E795
:107D880008B9000808B9000808B900080CB90008C3
:107D9800704770477047C9B20346024410B5934212
:107DA800184601D1002003E0047801338C42F6D153
:107DB80010BD0A44431E914200D1704710B511F816
:107DC800014B914203F8014FF9D110BD9FED010A13
:107DD800704700BF0000C07F2DE9F74F03690746D1
:107DE8000C69A342C0F28380013C00F1140501F143
:107DF8001408A30055F8242008EB8409009305EB28
:107E08008403019358F8243001339A42B2FBF3F605
:107E180031D34FF0000AC446AE46D3465CF8043B63
:107E280098B2E1454FEA134306FB00A04FEA10421F
:107E380080B206FB0323DEF8002092B24FEA134A11
:107E4800A2EB00029BB2DEF800005A44C3EB2243C7
:107E580092B203EB104342EA03424FEA234B4EF837
:107E6800042BDBD2009BEB582BB9019B043B9D42B2
:107E78001A4630D33C61384601F0C8F9002826DBA1
:107E88002946002058F8042BD1F800C01FFA82FEBA
:107E9800C1451FFA8CF34FEA1242A3EB0E030344C9
:107EA800C2EB23429BB202EB1C4243EA02434FEA75
:107EB800224041F8043BE5D255F8242005EB840321
:107EC80022B9043B9D421A460BD33C610136304629
:107ED80003B0BDE8F08F1268043B002ACAD1013C08
:107EE800C5E71268043B002AEFD1013CEAE700200D
:107EF800EEE70000000000002DE9F04FC76999B0D7
:107F08008346229E09910E92139355EC104B8DEDEA
:107F1800020B7FB9102000F0FDFD0246CBF81C00D3
:107F280020B9A74BEF21A74802F01AFCC0E9017756
:107F38000760C760DBF81C30196859B15A6801231B
:107F4800584693404A608B6000F0DAFEDBF81C303C
:107F580000221A602B1EB7BF23F000430023012222
:107F68000393A8BF3360039F974BB8BF3260BB43EE
:107F780012D142F20F73139A1360C7F3130323430A
:107F880000F04C85239BDFF854A2002B00F04E85AF
:107F98000AF1030300F048BD9DED027B0022002397
:107FA80051EC170B8DED0C7BF8F79EFD804658B110
:107FB8000123139A1360239B13B1844B239A1360F4
:107FC800DFF81CA200F032BDC7F30A5616AA17A99B
:107FD80058469DED0C0B01F041FA8146002E75D0F4
:107FE8000D9BA6F2FF36CDF85080C3F3130343F080
:107FF8007F53DDE90C0143F4401319460022744B0A
:10800800F8F752F968A3D3E90023F8F705FB68A34A
:10801800D3E90023F8F74AF904460D463046F8F745
:1080280091FA65A3D3E90023F8F7F6FA02460B465E
:1080380020462946F8F73AF904460D46F8F79CFD1C
:1080480000220746002320462946F8F757FD40B18D
:108058003846F8F777FA22462B46F8F745FD00B977
:10806800013F162F51D85B4B03EBC703DDE90C0129
:10807800D3E90023F8F742FD002848D0013F002348
:108088001293169B9B1B5A1E46BFC3F1010800237F
:108098004FF00008089248BF0893002F39DB089B6F
:1080A8000F973B44089300230A93099B092B64D834
:1080B800052BC5BF043B002401240993099B023BFF
:1080C800032B65D8DFE803F02C393757DDE9166351
:1080D8001E4406F23243202BC9BFC3F14003C3F14B
:1080E80020039F4006F21243D8BF04FA03F006F1BA
:1080F800FF36C4BF24FA03F347EA0300F8F712FA7D
:108108000122A1F1F873149277E70123B8E71290DE
:10811800B7E77B42A8EB07080A9300230F93C4E74D
:1081280000230B930E9B002B35DC01231A4600938A
:1081380007930E920BE00123F3E700230B930E9BAA
:10814800FB1800930133012B0793B8BF0123DBF819
:108158001C000021042202F114059D421FD9416030
:10816800584600F08DFD824600283BD11A4B024646
:1081780040F2AF11D7E60123E0E7012400230B9476
:1081880009934FF0FF330022009307931223D0E79F
:1081980001230B93F5E70E9B00930793D7E7013173
:1081A8005200D8E7AFF3008061436F63A787D23FDF
:1081B800B3C8608B288AC63FFB799F501344D33FCE
:1081C80014B500082BB500080000F07FDFB40008E4
:1081D8000000F83F28B6000883B5000810B500086D
:1081E800DEB40008DBF81C301860079B0E2B00F289
:1081F800A480002C00F0A180002F33DD07F00F02CF
:10820800AC4BF8054FEA271403EBC20393ED007B50
:108218008DED047B16D5A84B04F00F040326D3E993
:108228000823DDE90C01F8F721FBCDE90201A24D95
:1082380054B9DDE90423DDE90201F8F717FBCDE9BC
:10824800020128E00226F2E7E10708D50136DDE958
:108258000401D5E90023F8F7DFF9CDE9040164103A
:108268000835E5E700F0D2807C42924B924D022619
:1082780004F00F02241103EBC203DDE90C01D3E97A
:108288000023F8F7C9F90023CDE90201002C40F0DA
:10829800B280002BD3D1129BDDE90245002B00F000
:1082A800B7800022854B20462946F8F727FC00288E
:1082B80000F0AE80079B002B00F0AA80009B002BEB
:1082C80037DD7B1E204600222946049301367C4B6D
:1082D800F8F7A2F9009CCDE902013046F8F732F927
:1082E800DDE90223F8F798F90022764BF7F7DEFF6D
:1082F8000546A1F15076002C40F08D800022724B8B
:10830800DDE90201F7F7D0FF02460B46CDE902236B
:108318002A463346F8F710FC002840F08B822A469C
:1083280006F10043DDE90201F8F7E8FB002840F018
:108338002881DDE90C34CDE90234179B002BC0F20B
:108348005A810E2F00F357815A4B03EBC70393ED65
:10835800007B0E9B002B8DED007B03DA079B002B27
:1083680040F301815646DDE90245DDE90023204658
:108378002946F8F77BFAF8F7FFFB8046F8F7E2F8AA
:10838800DDE90023F8F748F90246204608F13004F1
:108398000B462946F7F788FF079D06F8014BA6EB21
:1083A8000A0402460B46A54240F01781F7F77EFF04
:1083B80004460D46DDE90023F8F7BEFB002840F02F
:1083C800F98020462946DDE90023F8F78DFB18B12E
:1083D80018F0010F40F0EE804946584600F090FC36
:1083E800002301373370139B1F60239B002B00F081
:1083F8001D831E601AE3E20705D50136D5E900237F
:10840800F8F70AF90123641008353FE7022642E726
:10841800079C049761E7274B0B9903EBC40354446B
:1084280053E90223002953D000202849F8F71EFAFF
:10843800334656462A46F7F737FFCDE91001DDE9FE
:108448000201F8F799FB0546F8F77CF802460B4657
:108458003035DDE90201F7F727FF02460B4606F83B
:10846800015BCDE90223DDE91023F8F747FB00287B
:1084780071D100201149DDE90223F7F715FFDDE985
:108488001023F8F73BFB002840F09580A6423FF404
:1084980050AF00220A4BDDE91001F8F7BDF80022C1
:1084A800074BCDE91001DDE90201F8F7B5F8CDE990
:1084B8000201C4E728B6000800B600080000F03F33
:1084C8000000244000001C40000014400000E03F71
:1084D800314656462846F8F79FF81594CDE910011D
:1084E800DDE90201F8F748FB0546F8F72BF80246E4
:1084F80030350B46DDE90201F7F7D6FE06F8015BD9
:1085080002460B46A642CDE902234FF0000224D1D1
:10851800AC4BDDE91001F7F7C9FE02460B46DDE971
:108528000201F8F709FB002845D10020A549DDE93B
:108538001023F7F7B9FE02460B46DDE90201F8F70A
:10854800DDFA00283FF4F5AE159E731E159316F854
:10855800013C302BF8D0049F3EE79B4BF8F75CF8C2
:10856800CDE90201BCE70CD10022984BDDE90001FE
:10857800F8F752F8DDE90223F8F7D4FA002800F0FA
:108588005781002425460E9B5646DB43049300275B
:108598002146584600F0B4FB002DDCD02FB1AF4285
:1085A80003D03946584600F0ABFB2946584600F040
:1085B800A7FBD0E7049733461E4613F8012D392A46
:1085C80007D19A45F8D1049A0132049230228AF8E8
:1085D80000201A7801321A70BDE700227A4BF8F7AA
:1085E8001BF80022002304460D46F8F77DFA002800
:1085F8003FF4BBAEF0E60B9A002A00F0DB80099A44
:10860800012A00F3BF80149A002A00F0B78003F211
:1086180033430A9C4646089A0121584698441A440E
:10862800089200F06DFC05465EB1089B002B08DD42
:10863800B342089AA8BF3346A8EB0308F61AD31A20
:1086480008930A9BF3B10B9B002B00F0B7808CB109
:1086580029462246584600F013FD4A46014605467B
:10866800584600F063FC49460490584600F048FB21
:10867800049B99460A9B1A1B04D04946584600F0A9
:10868800FFFC81460121584600F03AFC0F9B044646
:10869800002B00F0CF811A460146584600F0F0FC46
:1086A800099B0446012B00F39580029B002B40F0A8
:1086B8008780039BC3F31303002B40F08980039B3F
:1086C80023F000431B0D1B052BB1089B08F1010883
:1086D8000133089301230A930F9B002B00F0B0810C
:1086E800236904EB8303186900F0BEFBC0F1200086
:1086F800089B184410F01F0077D0C0F12003042B0A
:108708006BDDC0F11C00089B8044034406440893B9
:10871800B8F1000F05DD49464246584600F00AFD0B
:108728008146089B002B05DD21461A46584600F075
:1087380001FD0446129B002B59D02146484600F003
:1087480065FD002853DA7B1E49460A2258460493E1
:10875800002300F0F7FA0B9B8146002B00F0728192
:10876800002329460A22584600F0ECFA009B0546E9
:10877800002B67DC099B022B41DC63E0169BC3F1ED
:10878800360346E7079B5C1E0A9BA342B7BF0A9BBA
:108798001C1B0F9AE31ABEBF0A940024D218079B29
:1087A800B8BF0F92002BB5BFA8EB030646460023BF
:1087B800079B30E70A9C46460B9D35E70A9A5CE71B
:1087C800002388E70000E03F000024400000144038
:1087D800029B80E700230A9382E799D01C33089A0A
:1087E8001A4498441E44089292E70346F6E7079B0A
:1087F8000497002B20DC0093099B022B1EDD009BB5
:10880800002B7FF4C0AE21460522584600F09AFAA4
:1088180001460446484600F0F9FC00287FF7B3AE4D
:108828003123564606F8013B049B01330493AEE618
:10883800079C04972546F3E7079B00930B9B002BA7
:1088480000F00481002E05DD29463246584600F026
:1088580071FC05460A9B002B5AD06968584600F0FF
:108868000FFA064628B9844B024640F2EF21FFF77B
:108878005ABB2A6905F10C010C3002329200FFF74D
:1088880098FA01223146584600F054FC0AF10103D7
:108898002F4605460793009B53440B93029B03F016
:1088A80001030A93079B21464846013B0093FFF7C3
:1088B80093FA3946029000F13008484600F0A6FCC9
:1088C8002A4608902146584600F0BCFCC268064675
:1088D80002BB0146484600F099FC0246314658461C
:1088E8000E9200F00DFA099B0E9A079E43EA0201C8
:1088F8000A9B194310D1B8F1390F29D0089B002BD6
:1089080002DD029B03F13108009B83F800803FE6FB
:108918002846BBE70122E1E7089B002B04DB099905
:108928000B430A990B4320D1002AEDDD4946012269
:10893800584600F0FFFB2146814600F067FC0028FE
:1089480003DCE1D118F0010FDED0B8F1390FD8D12E
:108958003923009A137033461E46013B16F8012C42
:10896800392A52D001321A7012E6002A07DDB8F10E
:10897800390FEDD008F10103009A137008E6079B40
:10898800079A03F8018C0B9B934228D04946002391
:108998000A22584600F0D6F9AF4281464FF000034C
:1089A8004FF00A023946584607D100F0CBF907467E
:1089B8000546079B0133079374E700F0C3F929467E
:1089C800074600230A22584600F0BCF90546F0E79E
:1089D800009B0027002BCCBF1E4601265644494663
:1089E8000122584600F0A6FB2146814600F00EFC05
:1089F8000028B0DC02D118F0010FACD133461E4676
:108A080013F8012D302AFAD0C2E59A45A4D1049B67
:108A18000133049331238AF80030B9E5239BDFF84A
:108A28005CA01BB10AF10803239A1360504619B0E1
:108A3800BDE8F08F099B012B7FF737AE0F9B0A9398
:108A4800012055E6009B002B7FF7D6AE56462146FF
:108A58004846FFF7C1F900F13008009B06F8018B82
:108A6800A6EB0A029342B3DD494600230A22584680
:108A780000F068F98146EAE783B5000807B5000801
:108A880038B50546002941D051F8043C0C1F002B8D
:108A9800B8BFE41800F0E8F81D4A136833B96360FA
:108AA80014602846BDE8384000F0E4B8A34208D96D
:108AB800206821188B4201BF19685B68091821607A
:108AC800EDE71A465B680BB1A342FAD91168501852
:108AD800A0420BD120680144501811608342E0D1B4
:108AE80018685B68084453601060DAE702D90C2301
:108AF8002B60D6E7206821188B4202BF19685B6893
:108B08000918636008BF21605460CAE738BD00BF18
:108B18002C240020024B0146186800F025B800BF3D
:108B28000401002070B50F4E0C460546316811B996
:108B380001F0FEFD30602146284601F0F9FD431C96
:108B480003D14FF0FF34204670BDC41C24F0030449
:108B5800A042F8D0211A284601F0EAFD0130F2D1EE
:108B6800EFE700BF282400202DE9F843CD1C064676
:108B780025F0030508350C2D38BF0C25002D01DB29
:108B8800A94204D90C2333600020BDE8F883DFF83C
:108B9800D48000F069F8D8F800301C4644BB294658
:108BA8003046FFF7BFFF431C044658D1D8F80040B1
:108BB8002746002F43D1002C4BD023683946304636
:108BC80004EB030901F0B4FD814542D12168304628
:108BD8006D1A2946FFF7A6FF01303AD023682B44C7
:108BE8002360D8F800305A6862BBC8F800700FE0FC
:108BF8002268521B20D40B2A17D96119A342256079
:108C080018BF5960636808BFC8F8001062514B600C
:108C1800304600F02FF804F10B00231D20F0070068
:108C2800C21A1CBF1B1AA350AFE76268A3420CBF4D
:108C3800C8F800205A60EBE723466468AEE73C4674
:108C48007F68B6E71A465B68A342FBD100235360EE
:108C5800DEE70C233046336000F00CF894E705603B
:108C6800D6E700BF2C2400200148FFF792B800BFC8
:108C7800242400200148FFF78DB800BF24240020D9
:108C880070B5C66904460D4676B91020FFF742FF55
:108C98000246E06120B9184B6B21184801F060FDCD
:108CA800C0E901660660C660E669F36883B1E369F6
:108CB800DB6853F82500B8B90121204601FA05F60A
:108CC800721D920001F06AFD60B1C0E901560EE024
:108CD80021220421204601F061FDE369F060DB6890
:108CE800002BE4D1002070BD026843F82520002342
:108CF800C0E90333F7E700BF14B5000894B50008CE
:108D080070B5C66905460C4676B91020FFF702FF14
:108D18000246E86120B9094B8F21094801F020FD7E
:108D2800C0E901660660C6603CB1EB696268DB6851
:108D380053F82210216043F8224070BD14B5000892
:108D480094B500082DE9F04101F1140C07460C46D2
:108D58001E460D690020DCF80030013099B28542CA
:108D680002FB01614FEA13464FEA114389B202FB45
:108D7800063301EB03414FEA13464CF8041BEADCC7
:108D88000EB3A368AB4219DC616838460131FFF7BE
:108D980077FF804628B902460C4BBA210C4801F0EF
:108DA800DFFC226904F10C010C3002329200FFF75B
:108DB80000F8214644463846FFF7A2FF04EB850336
:108DC80001355E6125612046BDE8F08183B5000864
:108DD80094B500082DE9F84315461F4609220833C3
:108DE8000C460646002193FBF2F301229A4209DB66
:108DF8003046FFF745FF40B90246194BD3211948C1
:108E080001F0AEFC52000131F0E7089B092D4361E7
:108E18004FF00103036116DD04F109092C44C8462B
:108E280018F8013B01460A223046303BFFF78AFF1B
:108E3800A045F5D1A5F108044C442D1B6319BB428C
:108E480004DBBDE8F8830A340925F6E714F8013B8A
:108E580001460A223046303BFFF774FFEEE700BFB9
:108E680083B5000894B50008B0F5803F034636BFC7
:108E7800030400201020B3F1807F3CBF1B020830A0
:108E8800B3F1805F3CBF1B010430B3F1804F3CBF9E
:108E98009B000230002B05DB13F0804F00F101002E
:108EA80008BF202070470368024613F007000BD064
:108EB800D90721D4980747BF5B0801209B080220E7
:108EC8004CBF13601360704799B209B91B0C10208E
:108ED800D9B209B908301B0A190704BF1B090430A5
:108EE800990704BF9B080230D90703D45B0800F137
:108EF800010003D01360704700207047202070479E
:108F080010B50C460121FFF7BBFE024628B9054BF8
:108F180040F24511044801F023FC01234461036138
:108F280010BD00BF83B5000894B500082DE9F04FC7
:108F380014460A690F4685B023699A42A2BF2346A0
:108F48000C461F46D4F810A0A368D7F810906168A3
:108F58000AEB0906B342B8BF0131FFF791FE30B9F9
:108F68000246454B4FF4B171444801F0F9FB00F15A
:108F78001405002205EB86082B46434521D307F14B
:108F8800140104F1140204F1150702EB8A0201EB43
:108F980089030293131B153B23F003030433BA42DE
:108FA80038BF04230193029B03918B420CD8002EF7
:108FB80003DD58F8043D002B5BD0066105B0BDE821
:108FC800F08F43F8042BD8E7B1F800A0BAF1000FEE
:108FD80024D004F1140EA9464FF0000C5EF8047B6F
:108FE800D9F800301FFA87FB72459BB20AFB0B3396
:108FF8004FEA174BD9F8007063444FEA174C0AFB45
:109008000BC707EB13479BB24FEA174C43EA0743DA
:1090180049F8043BE2D8019B45F803C0039B04319F
:10902800B3F80290B9F1000F21D02B6804F1140CA9
:10903800AE464FF0000ABCF800B09BB2BEF8027012
:1090480009FB0B77574443EA07434EF8043B5CF8A7
:10905800043B4FEA134ABEF80030624509FB0A3365
:1090680003EB17434FEA134AE5D8019FEB51043548
:1090780099E7013E9BE700BF83B5000894B5000857
:109088002DE9F843154612F0030207460E4607D0AD
:10909800013A254C002354F82220FFF753FE0646D8
:1090A800AD103DD0FC697CB91020FFF733FD0246B6
:1090B800F86128B91D4B40F2B3111D4801F050FB6F
:1090C800C0E901440460C460D7F81C80D8F808409F
:1090D8004CB940F271213846FFF712FF00230446CD
:1090E800C8F8080003604FF00009EB070AD53146BD
:1090F80022463846FFF71AFF80463146384646462C
:10910800FFF7FEFD6D100BD0206838B922462146C6
:109118003846FFF70BFF2060C0F800900446E4E7EC
:109128003046BDE8F88300BFF0B5000814B5000864
:1091380094B500082DE9F0470C46074691464FEADA
:10914800621A2369496803EB6218A36808F10106EB
:10915800B3420BDB3846FFF793FD054648B9024694
:10916800284B4FF4EF71284801F0FAFA01315B00FF
:10917800EEE7002300F1140100F1100218465345F0
:1091880033DB2AEAEA7A04F11403206919F01F098B
:1091980001EB8A0103EB800C2BD0C9F1200E8A4623
:1091A8000022186800FA09F010434AF8040B53F833
:1091B800042B9C4522FA0EF2F3D8ACEB040304F11D
:1091C8001500153B23F003030433844538BF0423FB
:1091D800CA500AB108F10206013E384621462E61FE
:1091E800FFF78EFD2846BDE8F087013342F8040FEB
:1091F800C5E7043953F8042B9C4541F8042FF9D8E6
:10920800EAE700BF83B5000894B5000803460A6979
:109218000069801A30B50ED11433143103EB82047F
:1092280001EB820154F8045D51F8042D954203D0F6
:1092380005D24FF0FF3030BDA342F3D3FBE7012046
:10924800F9E700002DE9F74F89460646114614460E
:109258004846FFF7DBFF051E12D129463046FFF7C7
:109268000FFD024628B9414B40F23721404801F032
:1092780077FA0123C0E90435104603B0BDE8F08F42
:10928800BCBF4B46A1463046B8BF0125D9F80410EB
:10929800B4BF1C460025FFF7F3FC024618B9334B50
:1092A80040F24521E2E7D9F8107004F1140E26695E
:1092B80000F1140BC56009F1140509F110030EEB58
:1092C800860605EB8708D9464FF0000C0193019BF1
:1092D8005EF8040B53F804AF764501931FFA8AF33E
:1092E800194683B24FEA1040A1EB0303C0EB1A40C2
:1092F800634400EB23409BB24FEA204C43EA00430F
:1093080049F8043BE3D8331B1534153B23F003031A
:109318000433A64238BF04231D445B442C461E4632
:1093280044450ED308F10301491B033D21F0030115
:10933800A84538BF00210B4453F8041D99B11761A3
:109348009AE754F8041BE6461FFA81FC080C71449E
:10935800F44489B200EB2C4041EA00414FEA204C2A
:1093680046F8041BDCE7013FE6E700BF83B50008C9
:1093780094B5000882B0114B8DED000B019A134093
:10938800A3F15073002B08DC5B42B3F1A07F4FEAD6
:10939800235204DA4FF400231341002208E0A2F11B
:1093A80014031E2BD6BF4FF000420122DA400023DF
:1093B8001946104641EC100B02B070470000F07FD0
:1093C8002DE9F041066900F1140808EB860656F805
:1093D800042C371F1046FFF747FDC0F120030A2869
:1093E8000B601D4916DCC0F10B0CB84500F11500E7
:1093F80022FA0CF302FA00F043EA010534BF56F8EA
:10940800083C002323FA0CF303431C4645EC104B9D
:10941800BDE8F081B8453ABFA6F1080756F8083C00
:1094280000230B3814D0C0F120018240474523FAAD
:1094380001F403FA00F342EA040242F07F558CBFBC
:1094480057F8042C002245F44015CA401343DCE7C2
:1094580042EA0105D9E700BF0000F03F2DE9F743D4
:109468000F460121164659EC108BFFF709FC0446FC
:1094780030B90246234B40F20F31234801F070F90E
:10948800C9F30A55C9F313030DB143F480130193CB
:10949800B8F1000323D068460093FFF704FDDDE927
:1094A8000012D0B1C0F1200302FA03F3C2400B430B
:1094B80001926361019B002BA3610CBF0122022270
:1094C8002261A5B1A5F233450544C0F135003D60E0
:1094D8003060204603B0BDE8F0836161EAE701A887
:1094E800FFF7E1FC019B203001226361E8E7A0F26D
:1094F800324004EB820338601869FFF7B5FCC0EB13
:109508004210E5E783B5000894B500082DE9F04F4F
:1095180085B0CDE9001002A9FFF752FF03A9009812
:1095280055EC104BFFF74CFF019B2F46204619695D
:10953800009B1B69C91ADDE902325BEC10AB9B1A70
:10954800D94603EB4113002BCDBF2A46C3EB0333A7
:109558005A4602EB0357D8BF02EB03595246394625
:109568004B46F7F783F941EC100B05B0BDE8F08FD7
:10957800013902F11403491170B501311469051F4D
:1095880000EB810103EB8404A3420CD3A31A11322C
:10959800113B23F00303A24288BF00231844002391
:1095A800884205D370BD53F8046B45F8046FEBE7A8
:1095B80040F8043BF4E700F114024B1100699842AB
:1095C80010B511DB0ADD11F01F0107D052F8234056
:1095D80024FA01F000FA01F18C420BD102EB83036B
:1095E800934203D8002010BD0346F7E753F8041D43
:1095F8000029F5D00120F6E770B504460D46164659
:1096080045EC104BFFF7B6FE51EC100B7EB1C5F3DD
:109618000A53C3F16B03002B09DD1B05002403F17A
:109628007F55224605F540152B46F6F7F5FF41EC28
:10963800100B70BD000000002DE9F04F9FB00C46E4
:109648004FF0000A4FF0000B1792002205901A9273
:109658000A46199211782B294AD038D80D2932D8C0
:10966800082932D800293BD000220B92199D2A786C
:10967800302A40F0B3806A7802F0DF02582A6ED1AF
:10968800029319A90B9B904A01931AAB0598009372
:109698001BAB01F0FDF810F00F06044605D0062EAE
:1096A80028D10135002319950B93179B002B40F007
:1096B8008E850B9BCBB152460BF1004343EC102B2C
:1096C8001FB0BDE8F08F2029CED10132C1E72D2986
:1096D800CAD101210B91511C19915278002AC5D188
:1096E800179B1994002B40F0708552465B46E5E7BE
:1096F8000021EFE71A9A3AB135211CA8FFF738FF85
:109708001A990598FFF7FCFA013E1B9A042E06D811
:10971800DFE806F014031D201400DDE91CABE105A9
:1097280048BF4BF0004B2BF000431B0D1B05002BD3
:10973800BBD1FEF703FB22230360B6E7DDE91CA3D8
:1097480002F2334223F4801343EA025BE7E7DFF8CF
:1097580080B1E4E76FF0004B4FF0FF3ADFE7199B69
:109768005A1C19925B78302BF9D0002B9DD001231D
:1097780009930A22199B0C9300231F4608930A9306
:1097880019980578A5F13003D9B2092928D90122F9
:109798004E4900F0BBFF002833D000202A463D4642
:1097A80081460346652A01D0452A14D11DB9099A74
:1097B800024395D00025199C621C199262782B2AC5
:1097C80078D02D2A7CD04FF0000CA2F13001092965
:1097D80040F2848019944FF00008A4E00023C7E702
:1097E800082F00F1010007F10107D5BF0A99089970
:1097F80002FB013302FB0133D4BF0A93089319908B
:10980800BEE7199B5A1C19925A787FB381463D4688
:10981800A2F13003092B12D90123C3E7199B0130A8
:109828005A1C19925A78302AF8D0A2F13103082B21
:1098380000F2D28481460020199B05460C93303AE9
:1098480000F101032AD0994400EB050C2B460A21AC
:1098580063450DD1691C01442844082816DC0A9880
:109868000A2303FB00230A93002318E03846DAE7AB
:10987800082B03F1010303DC0A9E4E430A96E7E72F
:10988800102BDEBF089E4E430896E1E70F28EBDC5D
:1098980008980A2303FB00230893E5E72946199A49
:1098A8000D46501C199018465278B1E74FF0000940
:1098B80001237CE74FF0000CA21C1992A27884E7E0
:1098C8004FF0010CF8E700BF08B70008F0B6000831
:1098D8000000F07F199A511C19915278302AF9D05A
:1098E800A2F1310108293FF676AF303A4FF00A0865
:1098F8000E92199A0F92199A561C19965278A2F13B
:10990800300EBEF1090F39D90F9944F61F68761A3F
:10991800082E03DC0E998845A8BF8846BCF1000FC5
:1099280001D0C8F10008002D4ED1099908437FF4F1
:10993800BCAE002B7FF4D4AE692A28D025DC492A96
:1099480025D04E2A7FF4CCAE9B4919A801F0C0F966
:1099580000283FF4C5AE199B1B78282B2ED11CAAD2
:10996800964919A801F0C8F9052827D11D9BDDF8EB
:1099780070A043F0FF4B4BF4E00B96E60E9908FB02
:109988000121A1F130020E92B5E76E2ADAE78C497F
:1099980019A801F09DF900283FF4A2AE199B19A857
:1099A8008849013B199301F093F910B9199B0133C8
:1099B8001993DFF820B24FF0000A76E6824800F0EB
:1099C800C7FE5BEC10AB70E6A8EB0903002F08BFDD
:1099D8002F46102D0A982C460993A8BF1024F6F795
:1099E800A1FD092D82468B4613DC099B002B3FF411
:1099F8005CAE099B78DD162B5FDC7449524601EB9F
:109A0800C3015B46D1E90001F6F706FE82468B46A4
:109A18004BE66E4B03EBC40353E91223F6F7FCFD48
:109A280082468B460898F6F77DFD02460B4650465F
:109A38005946F6F73BFC0F2D82468B46D5DD2C1B8D
:109A4800099B1C44002C40F3968014F00F030AD0A5
:109A58005E49524601EBC3015B46D1E90001F6F7C6
:109A6800DBFD82468B4634F00F0473D0B4F59A7F41
:109A780048DD0024A046A1460A942223059ADFF86F
:109A880054B14FF0000A13600A9B002B3FF40DAE4F
:109A98001A990598FFF734F949460598FFF730F900
:109AA80041460598FFF72CF90A990598FFF728F918
:109AB80021460598FFF724F9F7E5C5F12503099A2A
:109AC8009342BCDBC5F10F05404C52465B4604EBA4
:109AD800C501D1E90001F6F79FFD099B5D1B04EB69
:109AE800C504D4E900238FE71633A8DBA9EB0808DF
:109AF800364B5046594603EBC808D8E90023F6F719
:109B0800B5FE83E7324B241150465946089300238B
:109B18001E46012C21DC0BB182468B462C49ABF149
:109B2800547B524601EBC6015B46D1E90001F6F7CA
:109B380073FD284B0A4682460B4027498B4298D82A
:109B4800A1F580118B4286BFDFF890B04FF0FF3A45
:109B580002F1547B002308937AE0E20705D5089BBD
:109B6800D3E90023F6F758FD0123089A013664105B
:109B780008320892CDE7EDD0644214F00F020AD003
:109B8800124B5046594603EBC203D3E90023F6F7BC
:109B98006DFE82468B462411DCD01F2C20DD00246C
:109BA800A046A1460A942223059A4FF0000A4FF0D6
:109BB800000B136068E700BFDBB40008F4B60008C8
:109BC800D3B400080AB500089DB8000828B60008F4
:109BD80000B600080000F07F0000A07CFFFFEF7FC8
:109BE80014F0100350465946A94E18BF6A2308932B
:109BF8000023E20704D5D6E90023F6F70DFD01237B
:109C0800641006F10806F4D10BB182468B46089B16
:109C1800B3B1CBF30A525946C2F16B03002B0FDDE7
:109C28001F2B55DD342B4FF0000ADBBF4FF0FF33FD
:109C3800C2F14B024FF05C7B9340D8BF03EA010BA3
:109C48000022002350465946F6F74EFF0028A6D1B9
:109C58000A9B3A460C9900932B460598FFF7BAF8E9
:109C68000A9000283FF405AF099AA9EB08030024DD
:109C7800002AA046A8BF0023129322EAE273169393
:109C88000A9B05985968FEF7FBFF814600283FF4B8
:109C9800F4AE0A9B0C301A6903F10C0102329200EF
:109CA800FEF787F81CAA1BA905984BEC10ABCDE969
:109CB8000CABFFF7D3FB1A9000283FF4DEAE01216E
:109CC8000598FFF71DF9804648B94FF00008D4E61B
:109CD8004FF0FF3202FA03F303EA0A0AB0E71B9DCA
:109CE8001C9A002DA9BF129B169BEF18169EB8BF91
:109CF8005E1B089BB8BF129FED1A664B1544C2F154
:109D08003602013D9D424FDA5B1B01211F2BA2EB5E
:109D180003023DDC01FA03F3139300231093BD18EB
:109D2800089B1644AF421E443B46A8BF2B46B3428D
:109D3800A8BF3346002BC2BFED1AF61AFF1A129BB2
:109D4800002B16DD41461A460598FFF799F980461B
:109D58000028BAD001461A9A0598FFF7E7F80E903E
:109D680000283FF48AAE1A990598FEF7C9FF0E9BA2
:109D78001A93002D1DDC099B002B23DD4946169AFA
:109D88000598FFF77DF98146E0B94FF0000974E6C0
:109D9800C5F17F45139105F57F0505F57B45E2354E
:109DA80001FA05F31093BAE70023109301231393E4
:109DB800B5E72A461A990598FFF7BCF91A900028C2
:109DC800D9D15AE6002E07DD494632460598FFF7F5
:109DD800B1F981460028D8D0002F08DD41463A461F
:109DE8000598FFF7A7F9804600283FF446AE4A4693
:109DF8001A990598FFF726FA044600283FF43DAE65
:109E0800C36841460F930023C360FFF7FFF900289A
:109E180046DA0F9B53EA0A036CD1CBF31303002BEA
:109E280068D12BF000431B0D1B05B3F1D66F61D928
:109E3800636913B92369012B5CDD2146012205986A
:109E4800FFF778F941460446FFF7E0F9002851DDAD
:109E58002BF00043089A1B0D1B05002A6BD0B3F1A9
:109E6800D66F68D8B3F15C7F7FF69DAE0A4B50463B
:109E780059460022F6F7D0FB084B82468B460B402A
:109E8800002B7FF405AE2223059A136000E600BF7D
:109E980020B7000802FCFFFF000050390000F07FE7
:109EA800CDF838B065D10F9ACBF313035AB39E4A55
:109EB80093422BD1089B514603B35A469B4B134000
:109EC8004FF0FF32B3F1D46F1BD81B0DC3F16B03F6
:109ED80002FA03F3994219D1954B0E9A9A4202D18C
:109EE80001313FF4CAAD914B4FF0000A0E9A1A4067
:109EF80002F5801B089B002BB8D1C9E54FF0FF3352
:109F0800E8E71346E6E753EA0A03A1D0109BDBB162
:109F18000E9A1342EED00F9B5046089A5946BBB191
:109F2800FFF76AFBDDE90C0153EC102BF6F7BEF9DD
:109F380082468B46DEE7A3F580134FF0FF3A6FEABF
:109F4800135B6FEA0B5BD5E7139B13EA0A0FE1E794
:109F5800FFF752FBDDE90C0153EC102BF6F7A4F9DF
:109F68000022002382468B46F6F7BEFD0028C1D0AA
:109F780019E641462046FFF7C9FA00224FF0804310
:109F880057EC106B30463946F6F7C2FD00286FD003
:109F98000F9B002B7AD1BAF1000F58D10E9BC3F357
:109FA8001303002B5AD10022624B30463946F6F78C
:109FB800A5FD002859D13046394600225E4BF6F7F8
:109FC8002BFB06460F4607F1004306960793574DAD
:109FD800DDE90623CDE910230E9B1D40574B9D421A
:109FE80040F0B0800E9BA3F1547B4BEC10ABFFF715
:109FF800C1F9DDE9062351EC100BF6F70DFB5246CB
:10A008005B46F6F753F90B46484982464C4A1940D5
:10A01800914242D90D9A464B9A4203D10C9B013387
:10A028003FF42BADDFF808B14FF0FF3A1A990598C5
:10A03800FEF766FE49460598FEF762FE414605981A
:10A04800FEF75EFE21460598FEF75AFE18E6BAF1BD
:10A05800010F03D10E9B002B3FF4A5AD0026354F11
:10A068009FED297B8DED067BB1E70026324FAAE7ED
:10A07800314B304639460022F6F7CEFA0F9B06469A
:10A088000F46002B9FD0CDE90667A0E79FED207B08
:10A0980057EC176B8DED067B99E703F1547B089B12
:10A0A800CDF838B0002BC1D12BF000431B0D1B0598
:10A0B8009D42BBD130463946F6F7F6FDF6F77EFAF3
:10A0C80002460B4630463946CBF31306F6F7ECF852
:10A0D8000B46024646EA0A06CDE90C230F9B1E43AF
:10A0E8006DD00DA3D3E90023F6F708FD00287FF40F
:10A0F800CFAC0BA3D3E90023DDE90C01F6F71CFD77
:10A10800002893D0C4E400BF000000000000F0BFA6
:10A11800000000000000F03F9535A094FFFFDF3FEE
:10A1280035E5AF350000E03FFFFF0F000000F07F8E
:10A13800FFFFEF7F0000F03F0000E03F0000E07FFE
:10A14800FFFF9F7C089B23B3B5F1D46F21D830461D
:10A15800394627A3D3E90023F6F7DAFCA0B139463C
:10A168003046F6F731FD012838BF0120F6F7DAF955
:10A178000F9B06460F46FBB901F100431490159357
:10A18800DDE91423CDE91023119B03F1D6635B1B92
:10A198001193DDE910AB9DED0C0BFFF7EBF8504682
:10A1A800594653EC102BF6F737FADDE90C23F6F78E
:10A1B8007DF882468B4672E7CDE91467E0E70EA387
:10A1C800D3E90023F6F79AFC9AE700230B93199B2F
:10A1D800179A1360FFF76DBA652A3FF467AB452AF3
:10A1E8003FF464AB0123FFF7A0BB00BFAFF30080CF
:10A1F8000000C0FFFFFFDF419535A094FFFFCF3F70
:10A20800014BFFF719BA00BF54010020242B2DE998
:10A21800F0478646904601D8012B06D1FDF78EFD02
:10A22800162303600020BDE8F0870D4633482A4610
:10A2380015F8014B065D16F00806F8D12D2C2DD126
:10A248002C780126951C33F0100209D1302C2AD124
:10A258002A7802F0DF02582A25D16C7810230235BB
:10A2680006F1004C00220CF1FF3C1046BCFBF3F950
:10A2780003FB19CAA4F13007092F1BD83C46A34297
:10A2880027DD571C07D0814520D301D1A2451DDB0E
:10A2980000FB0340012215F8014BEBE72B2C04BF10
:10A2A8002C78951CCFE7002BDAD1302C0CBF082373
:10A2B8000A23D5E7A4F14107192F01D8373CDEE777
:10A2C800A4F16107192F04D8573CD8E74FF0FF32A3
:10A2D800E1E7531C08D122236046CEF80030B8F1DC
:10A2E800000FA0D0691E06E006B14042B8F1000F89
:10A2F80099D0002AF6D1C8F8001094E749B70008A9
:10A30800FFF784BF2DE9F0471F468E6882460C464A
:10A31800BE4290460B682DD8B1F90C2012F4906F0C
:10A3280026D06569096905EB4505A3EB01097B1C86
:10A3380005EBD5754B446D109D4238BF1D4653053E
:10A3480027D52946FEF710FC064660B34A46216920
:10A35800FDF72FFDA38923F4906343F08003A381C5
:10A3680026614E446561A5EB090526603E46A56059
:10A37800BE4200D93E46324641462068FDF771FC90
:10A38800A36800209B1BA360236833442360BDE8B7
:10A39800F0872A4600F05DFD06460028E0D12169D5
:10A3A8005046FEF76DFB0C234FF0FF30CAF8003023
:10A3B800A38943F04003A381E9E700002DE9F04FAA
:10A3C80098468B899DB007461B060D46144610D546
:10A3D8000B6973B94021FEF7C7FB2860286130B9C3
:10A3E8000C233B604FF0FF301DB0BDE8F08F4023D9
:10A3F8006B610023CDF80C804FF00109DFF8A081D4
:10A40800099320238DF8293030238DF82A302346EC
:10A418009A4613F8012B0AB1252AF9D1BAEB040B95
:10A428000BD05B46224629463846FFF76BFF0130C2
:10A4380000F0A780099A5A4409929AF80030002B34
:10A4480000F09F8000234FF0FF320AF1010A0493C5
:10A4580007938DF853301A93CDE905235446052206
:10A468004F4814F8011BFDF796FC049AD8B9D0069A
:10A4780044BF20238DF85330110744BF2B238DF898
:10A4880053309AF800302A2B15D0079A54460020EA
:10A498004FF00A0C214611F8013B303B092B4BD9F0
:10A4A800B0B1079214E0A0EB0803A24609FA03F33F
:10A4B80013430493D2E7039B191D1B68002B0391D8
:10A4C800BBBF5B4242F0020207930793B8BF0492F6
:10A4D80023782E2B0AD163782A2B32D1039B02349E
:10A4E8001A1D1B6843EAE37303920593DFF8C0A0C3
:10A4F800032221785046FDF74EFC38B1A0EB0A0044
:10A508004022049B013482401343049314F8011B36
:10A51800062224488DF82810FDF73DFC002836D087
:10A52800214B1BBB039B073323F00703083303931B
:10A53800099B334409936AE70CFB02320C4601205D
:10A54800A8E7002301344FF00A0C1946059320466A
:10A5580010F8012B303A092A03D9002BC6D00591EF
:10A56800C4E70CFB012104460123F0E703AB2A46AC
:10A5780004A9384600930D4BFCF780FC421C0646A4
:10A58800D6D1AB895B063FF52DAF09982CE703AB15
:10A598002A4604A938460093044BFCF70BFFEDE765
:10A5A80049B8000853B80008856E00080DA30008D4
:10A5B8004FB80008B1F90C202DE9F04116070546FF
:10A5C8000C4654D44B68002B02DC0B6C002B48DD86
:10A5D800E66A002E45D0002312F480522F68216AC3
:10A5E8002B6030D0626DA389590705D56368D21AEC
:10A5F800636B0BB1236CD21A0023E66A216A2846E2
:10A60800B047431CA38906D129681D292BD82A4A9B
:10A618000A41D60727D40022D90462602269226041
:10A6280004D5421C01D12B6803B96065616B2F60AA
:10A63800B9B104F14403994202D02846FEF720FA42
:10A64800002363630DE001232846B0470246501CEF
:10A65800C9D12B68002BC6D01D2B01D0162B1DD1BC
:10A668002F60002021E043F040031BB21AE00F697D
:10A67800002FF6D093070E680F600CBF4B690023BC
:10A68800A6EB07088B60B8F1000FEADD43463A46AF
:10A69800216A2846A66AB047002808DCB4F90C30BD
:10A6A80043F040034FF0FF30A381BDE8F081074439
:10A6B800A8EB0008E7E700BFFEFFBFDF38B50B696E
:10A6C80005460C4613B90025284638BD18B1036A5B
:10A6D8000BB9FDF72DFAB4F90C30002BF3D0626EEC
:10A6E800D00704D4990502D4A06DFDF752FB284683
:10A6F8002146FFF75FFF636E0546DA07E4D4A389B6
:10A708009B05E1D4A06DFDF745FBDDE710B56AB107
:10A718000139841810F8012B11F8013F9A4203D12E
:10A72800A04201D0002AF5D1D01A10BD1046FCE78E
:10A7380038B50023054D044608462B60F6F7A4FCFF
:10A74800431C02D12B6803B1236038BD20240020AC
:10A758009FED010B704700BF000000000000F87F6C
:10A768001FB514461A46094B05461B68D86854B9E4
:10A77800074B1C4600910749CDE901342B4600F0F0
:10A78800A3FB00F0B3FB044BF4E700BF0401002077
:10A798009DB800086FB8000862B8000870B5A1FB42
:10A7A80002543CB92946FEF7DFF9064628B90026C7
:10A7B800304670BD0C220260F9E72A462146FDF7B3
:10A7C8006AFAF5E703694A11B3EB611F2DE9F04313
:10A7D80000F1140445DD11F01F0104EB830604EBBE
:10A7E80082050CD100F110072946B14234D39B1AD7
:10A7F800EA1E9B00964238BF0023234415E054F814
:10A808002270C1F1200805F1040EA146CF4076451B
:10A81800F44615D89A1A01359200043AAE4238BF68
:10A828000022A318A75007B104331A1BA3424FEA0A
:10A83800A20208BF0023026108BF4361BDE8F0839C
:10A84800DCF800C00CFA08FC4CEA070749F8047B5E
:10A858005EF8047BCF40DAE751F804CB47F804CF21
:10A86800C3E72346E1E7A0F13003092B02D82038DB
:10A87800C0B27047A0F16103052B01D84738F7E74C
:10A88800A0F14103052B01D82738F1E700207047D4
:10A898002DE9F04F85B08A46904602930B680190E7
:10A8A8009C1CA14614F8010B3028FAD0A9EB03032D
:10A8B800A3F1020BFFF7D7FF0546002866D1012256
:10A8C8009E494846FFF722FF0746002865D199F8B8
:10A8D80001002646FFF7C7FF002860D023461878F6
:10A8E800994601333028FAD0FFF7BDFFB0FA80F55A
:10A8F8004FF0010B6D094A46164601323078FFF7D2
:10A90800B2FF0028F8D101228C493046FFF7FEFE3D
:10A9180000283ED144B9741C2246164601323078CC
:10A92800FFF7A1FF0028F8D1A41BA700337803F094
:10A93800DF03502B3DD173782B2B32D02D2B33D006
:10A94800711C00240878FFF78EFF431EDBB2182B1A
:10A958002FD8A0F1100211F8010FFFF784FF00F1C2
:10A96800FF3C0A235FFA8CFCBCF1180F1ED904B116
:10A9780052421744CAF80010EDB1BBF1000F0CBFEA
:10A9880006250025284605B0BDE8F08F00252C4691
:10A99800B1E7002CC8D12746C8E74E462F46012507
:10A9A800C4E70024B11CCDE70124FBE703FB020048
:10A9B800CFE73146DEE7A6EB09032946013B072B23
:10A9C8000ADC0198FEF75CF9044640B95C4B024684
:10A9D800E4215C48FFF7C4FE01315B10EFE700F1AA
:10A9E800140A002355469B46B14537D345F804BBA6
:10A9F800A5EB0A055846AD1025616D01FEF734FA3E
:10AA0800D8F800602D1AB54254DDAD1B2046294602
:10AA1800FEF7D1FD814678B16B1E4FF0010959113F
:10AA280003F01F025AF8211009FA02F20A4203D071
:10AA38004B4536DC4FF002092F4429462046FFF7E4
:10AA4800C1FED8F80830BB4242DA21460198FEF729
:10AA580057F900230E9AA325136093E716F8012DE2
:10AA68002E2A12D0202B04D145F804BB4FF0000B3E
:10AA78005B4630780393FFF7F6FE039B00F00F0068
:10AA8800984004334BEA000BAEE7B145EAD80122FF
:10AA98002A4930460393FFF739FE039B0028E1D18A
:10AAA800A2E7A91E2046FEF786FD0028C2D04FF077
:10AAB8000309C1E709DA751B214601982A467F1B5D
:10AAC800FEF738FB044600F1140A4FF00009B8E716
:10AAD800D8F80450BD426FDDED1BAE4234DCD8F827
:10AAE8000C30022B22D0032B24D0012B15D1AE42DF
:10AAF80013D1012E0BD1D8F804306225029A1360C5
:10AB080001232361CAF800300E9B1C603AE7711ECE
:10AB18002046FEF750FD0028EDD121460198FEF7AA
:10AB2800EFF800230E9A502513602BE70F9B002B9C
:10AB3800F3D1E0E70F9B002BDDD1EEE7F0B600087C
:10AB480083B500089EB800086F1EB9F1000F30D118
:10AB580027B139462046FEF72EFD81467A1101239A
:10AB680007F01F0729465AF822202046BB40761BCB
:10AB78000225134218BF49F00209FFF723FED8F84F
:10AB88000470B9F1000F47D0D8F80C30022B15D05B
:10AB9800032B17D0012B09D119F0020F06D0DAF8D0
:10ABA800003049EA030919F0010F0ED145F01005EC
:10ABB80032E04FF00109D1E70125E2E70F9BC3F12D
:10ABC80001030F930F9B002BF0D0D4F810B004F1C1
:10ABD80014034FF0000C4FEA8B0A03EB8B01184665
:10ABE80053F8042BB2F1FF3F1BD001320260022D53
:10ABF80004F114033CD1D8F80020013AB24209D13B
:10AC08007111012206F01F0653F8213002FA06F6E8
:10AC18001E423AD145F020050E9B1C60029B1F6026
:10AC2800B0E6994243F804CCD9D8A3689B4517DB12
:10AC3800616801980131FEF723F8814618B91A4B6B
:10AC480002468421C5E6226904F10C010C30023267
:10AC58009200FDF7AEF821464C460198FEF750F8F1
:10AC680023695A1C04EB8303226101225A61BEE75F
:10AC780022695A450BDD01212046FFF7A3FD013764
:10AC8800D8F80830BB42FFF6E0AE0125C2E716F05F
:10AC98001F06FAD05344C6F1200653F8040CFEF7F9
:10ACA800E3F8B042E7DBF0E783B50008C2F1080239
:10ACB800920070B5C2F120064368046803FA06F5ED
:10ACC800D3402C43046040F8043F8842F4D370BD5D
:10ACD8000368013330B511F8014B14B90360012042
:10ACE80030BD13F8012BA2F14105192D98BF203270
:10ACF800A242F0D00020F3E70B6801682DE9F04F7D
:10AD08005E1113F01F034FF0000587B002EB8606B3
:10AD180082469046AB4618BF043601930295371F0A
:10AD280046F8045CB9463C464B1C4A78039342B348
:10AD3800104605910492FFF796FD002851D1049A18
:10AD48000599202A18D8029B9B4513DD4C4506D24D
:10AD5800072D04DC2A4649462046FFF7A7FF44454D
:10AD680051D90023A4F10409CDF808B044F8043CF3
:10AD78001D464C460399D7E7292A56D10231CAF80D
:10AD88000010BBF1000F50D04C4506D2072D04DC53
:10AD98002A4649462046FFF789FF444535D9A8F198
:10ADA8000402234653F8041B9F4242F8041FF9D2B9
:10ADB8003B1B033E0134002223F003030433B44257
:10ADC80088BF0423434443F8042B9F42FBD23B68CB
:10ADD8001BB9474527D101233B60052007B0BDE8D3
:10ADE800F08F01350BF1010B082D05DD4445C1D964
:10ADF8000023043C01252360226800F00F0040EA8C
:10AE080002102060B6E70825B4E7019B002BDED0CE
:10AE1800C3F120034FF0FF32DA4056F8043C1340E8
:10AE280046F8043CD3E7043FD1E70420D6E782B0D4
:10AE380001B901A942B14BB113780B601278101E09
:10AE480018BF012002B070471046FBE76FF0010001
:10AE5800F8E72DE9F041804615460C4621B9114620
:10AE6800BDE8F041FDF780BE2AB9FDF709FE0024D0
:10AE78002046BDE8F08100F040F88542064602D839
:10AE8800B5EB500FF4D829464046FDF76DFE07464E
:10AE98000028ECD0B5422A46214628BF3246FCF7A6
:10AEA80088FF214640463C46FDF7EAFDE0E70346B9
:10AEB800084641B1FF2A04D98A224FF0FF301A60B0
:10AEC800704701200A7070470EB403B503AB014602
:10AED800054853F8042B0068019300F03FF802B0CE
:10AEE8005DF804EB03B0704704010020062008B5A4
:10AEF80000F008FA0120F6F797F851F8043C181FFB
:10AF0800002BBCBF0B58C01870479368013B002B3F
:10AF1800936010B408DA9469A34201DB0A2903D1CB
:10AF28005DF8044B00F032B91368581C10600846ED
:10AF380019705DF8044B7047F8B506460F4614467D
:10AF4800D518AC4201D1002007E03A4614F8011B9D
:10AF58003046FFF7DAFF431CF3D1F8BD2DE9F04F77
:10AF68000D469DB014469846064618B1036A0BB9BB
:10AF7800FCF7DEFD6B6ED90705D4AB899A0502D4C0
:10AF8800A86DFCF706FFAB891B0701D52B699BB998
:10AF98002946304600F038F970B16B6EDC0704D5ED
:10AFA8004FF0FF301DB0BDE8F08FAB899805F7D49E
:10AFB800A86DFCF7EFFEF3E70023CDF80C804FF007
:10AFC8000109DFF8B481099320238DF82930302353
:10AFD8008DF82A3023469A4613F8012B0AB1252A00
:10AFE800F9D1BAEB040B0BD05B4622462946304612
:10AFF800FFF7A2FF013000F0A780099A5A4409928E
:10B008009AF80030002B00F09F8000234FF0FF32A9
:10B018000AF1010A049307938DF853301A93CDE986
:10B02800052354460522544814F8011BFCF7B3FEC7
:10B03800049AD8B9D10644BF20238DF8533013079A
:10B0480044BF2B238DF853309AF800302A2B15D0A3
:10B05800079A544600204FF00A0C214611F8013B8C
:10B06800303B092B4BD9B0B1079214E0A0EB080391
:10B07800A24609FA03F313430493D2E7039B191D6D
:10B088001B68002B0391BBBF5B4242F0020207938F
:10B098000793B8BF049223782E2B0AD163782A2B02
:10B0A80032D1039B02341A1D1B6843EAE3730392EF
:10B0B8000593DFF8D4A0032221785046FCF76BFEF5
:10B0C80038B1A0EB0A004022049B013482401343AC
:10B0D800049314F8011B062228488DF82810FCF761
:10B0E8005AFE00283FD0264B1BBB039B073323F097
:10B0F800070308330393099B3B4409936AE70CFB56
:10B1080002320C460120A8E7002301344FF00A0C54
:10B1180019460593204610F8012B303A092A03D91D
:10B12800002BC6D00591C4E70CFB0121044601237E
:10B13800F0E703AB2A4604A930460093114BFBF70E
:10B148009DFE0746781CD6D16B6ED90705D4AB890E
:10B158009A0502D4A86DFCF71DFEAB895B063FF586
:10B168001FAF09981EE703AB2A4604A9304600938F
:10B17800044BFCF71FF9E4E749B8000853B8000886
:10B18800856E000841AF00084FB80008F8B50E46B4
:10B198001446054618B1036A0BB9FCF7C9FCA36944
:10B1A800A360A3891A0701D5236943B92146284614
:10B1B80000F02AF818B14FF0FF373846F8BD236879
:10B1C800F6B222693746981A6369834205DC21463C
:10B1D8002846FFF773FA0028EDD1A368013BA36066
:10B1E80023685A1C22601E70431C62699A4204D06C
:10B1F800A389DB07E1D50A2EDFD121462846FFF7D0
:10B208005DFA0028D9D0D6E738B5294B05460C4653
:10B21800186818B1036A0BB9FCF78AFCB4F90C304A
:10B22800190722D4DA0607D409222A6043F040031A
:10B238004FF0FF30A38133E0580712D5616B41B15D
:10B2480004F14403994202D02846FDF719FC002373
:10B258006363A38923F02403A38100236360236924
:10B268002360A38943F00803A38123694BB9A38909
:10B2780003F42073B3F5007F03D02146284600F07D
:10B2880082F8B4F90C3013F001020AD00022A2604F
:10B2980062695242A261226942B913F08000C5D1A5
:10B2A80038BD990758BF6269A260F4E70020F7E744
:10B2B800040100201F2938B505460C4604D9162379
:10B2C80003604FF0FF3038BDC26B12B152F8213025
:10B2D8004BB9284600F030F8224601462846BDE81A
:10B2E800384000F017B8012B0AD0591C03D1162397
:10B2F80003600120E7E70021204642F82410984720
:10B308000020E0E7024B01461868FFF7D3BF00BFF3
:10B318000401002038B50023064D044608461146AE
:10B328002B60F5F777FE431C02D12B6803B123602D
:10B3380038BD00BF20240020F5F76ABE70B50C4662
:10B34800B1F90E1096B0154600291E460CDAA389ED
:10B35800002113F0800F14BF40234FF480630020B6
:10B3680031602B6016B070BD6A4600F049F80028BD
:10B37800EDDB019901F47041A1F50053594259419F
:10B388004FF48063EBE78B89F7B59D0706460C46BB
:10B3980007D504F14703236023610123636103B0E8
:10B3A800F0BD01AB6A46FFF7C9FF009F054630466E
:10B3B8003946FDF7D9FB48B9B4F90C309A05EED4F3
:10B3C80023F0030343F00203A381E2E7A38920608B
:10B3D80043F08003A381019BC4E904075BB1B4F97E
:10B3E8000E10304600F01EF828B1A38923F003039D
:10B3F80043F00103A381A3891D43A581CFE7000082
:10B4080038B50023064D0446084611462B60F5F76B
:10B4180031FE431C02D12B6803B1236038BD00BF45
:10B428002024002038B50023054D044608462B602B
:10B43800F5F726FE431C02D12B6803B1236038BD03
:10B4480020240020F8B500BFF8BC08BC9E46704711
:0CB45800F8B500BFF8BC08BC9E46704769
:10B4680000000000000000000102030406070809AC
:10B478000001020304050607080C101418203040C8
:10B4880053544D6963726F656C656374726F6E694E
:10B498006373000053544D333220566972747561DA
:10B4A8006C20436F6D506F7274000000434443205A
:10B4B800436F6E666967000043444320496E7465B4
:10B4C800726661636500494E4600696E66004E41CA
:10B4D8004E006E616E00300030313233343536370D
:10B4E80038394142434445460030313233343536E9
:10B4F8003738396162636465660065256C640049A4
:10B508006E66696E697479004E614E005245454E0B
:10B5180054206D616C6C6F6320737563636565643B
:10B528006564002F6275696C642F676E752D746F82
:10B538006F6C732D666F722D73746D33325F313299
:10B548002E332E72656C312E323032343039323629
:10B558002D313731352F7372632F6E65776C6962C1
:10B568002F6E65776C69622F6C6962632F737464E0
:10B578006C69622F64746F612E630042616C6C6F3A
:10B588006320737563636565646564002F6275691C
:10B598006C642F676E752D746F6F6C732D666F7288
:10B5A8002D73746D33325F31322E332E72656C31E8
:10B5B8002E32303234303932362D313731352F731F
:10B5C80072632F6E65776C69622F6E65776C69623E
:10B5D8002F6C6962632F7374646C69622F6D70726B
:10B5E80065632E63000000000500000019000000DC
:10B5F8007D000000000000000080E03779C341436F
:10B60800176E05B5B5B89346F5F93FE9034F384DC0
:10B61800321D30F94877825A3CBF737FDD4F15756C
:10B62800000000000000F03F00000000000024407F
:10B6380000000000000059400000000000408F405A
:10B64800000000000088C34000000000006AF840C5
:10B658000000000080842E4100000000D0126341E9
:10B668000000000084D797410000000065CDCD415F
:10B67800000000205FA00242000000E87648374240
:10B68800000000A2941A6D42000040E59C30A242DE
:10B698000000901EC4BCD64200003426F56B0C4353
:10B6A8000080E03779C3414300A0D88557347643FA
:10B6B80000C84E676DC1AB43003D9160E458E1435B
:10B6C800408CB5781DAF154450EFE2D6E41A4B44D0
:10B6D80092D54D06CFF08044F64AE1C7022DB54415
:10B6E800B49DD9794378EA442E0000003400000064
:10B6F800CEFBFFFFCB0300000100000000000000AC
:10B7080035000000CEFBFFFFCB0300000100000066
:10B718000000000000000000BC89D897B2D29C3C11
:10B7280033A7A8D523F649393DA7F444FD0FA53220
:10B738009D978CCF08BA5B25436FAC6428066811C7
:10B7480000202020202020202020282828282820E9
:10B7580020202020202020202020202020202020E1
:10B768002088101010101010101010101010101049
:10B778001004040404040404040404101010101039
:10B788001010414141414141010101010101010103
:10B798000101010101010101010101011010101055
:10B7A80010104242424242420202020202020202D5
:10B7B8000202020202020202020202021010101029
:10B7C8002000000000000000000000000000000051
:10B7D8000000000000000000000000000000000061
:10B7E8000000000000000000000000000000000051
:10B7F8000000000000000000000000000000000041
:10B808000000000000000000000000000000000030
:10B818000000000000000000000000000000000020
:10B828000000000000000000000000000000000010
:10B838000000000000000000000000000000000000
:10B8480000232D302B2000686C4C00656667454648
:10B8580047004300504F534958002C2066756E63CB
:10B8680074696F6E3A2000617373657274696F6EE4
:10B878002022257322206661696C65643A20666916
:10B888006C6520222573222C206C696E6520256446
:10B89800257325730A002F6275696C642F676E75AE
:10B8A8002D746F6F6C732D666F722D73746D3332D8
:10B8B8005F31322E332E72656C312E323032343095
:10B8C8003932362D313731352F7372632F6E6577E4
:10B8D8006C69622F6E65776C69622F6C6962632F81
:10B8E8007374646C69622F6764746F612D67657423
:08B8F8006865782E6300000072
:08B900009849FF7F01000000DF
:04B908007D020008B4
:04B90C0059020008D4
:10B910000090D00301000000100000000902430065
:10B92000020100C0320904000001020201000524E6
:10B930000010010524010001042402020524060070
:10B94000010705820308001009040100020A000033
:10B9500000070501024000000705810240000000C9
:10B960005D5B0008FD5A0008015A00080000000055
:10B9700085580008995900085D590008000000002A
:10B98000000000000000000015590008CD58000814
:10B99000395C0008BD5800080A060002000000409B
:10B9A00001000000795D0008395D00083D5D000878
:10B9B000455D0008415D00081A030000000000001A
:10B9C0000000000000000000000000000000000077
:10B9D00000000000040309041201000202020040FA
:10B9E000830440570002010203010000A166000821
:10B9F000AD660008B9660008D5660008296700082A
:10BA0000F16600080D670008000000000300000058
:10BA1000E42200200801002000000000E4220020B1
:10BA20004C230020B4230020000000000000000090
:10BA30000000000000000000000000000000000006
:10BA400000000000000000000000000000000000F6
:10BA500000000000000000000000000000000000E6
:10BA60000000000043000000000000000000000093
:10BA700000000000000000000000000000000000C6
:10BA80000000000043000000000000000000000073
:10BA900000000000000000000000000000000000A6
:10BAA0000000000043000000000000000000000053
:10BAB0000000000000000000000000000000000086
:10BAC0000000000043000000000000000000000033
:10BAD0000000000000000000000000000000000066
:10BAE0000000000043000000000000000000000013
:10BAF0000000000000000000000000000000000046
:10BB000000000000430000000000000000000000F2
:10BB10000000000000000000000000000000000025
:10BB200000000000430000000000000000000000D2
:10BB30000000000000000000000000000000000005
:10BB400000000000B7AE000837AE0008000000009B
:10BB500048B70008F0B600089DB800089DB8000876
:10BB60009DB800089DB800089DB800089DB8000861
:10BB70009DB800089DB800089DB80008FFFFFFFFB2
:10BB8000FFFFFFFFFFFFFFFFFFFF0000010041532A
:10BB900043494900000000000000000000000000D0
:10BBA0000000000000000000000000000000415301
:10BBB00043494900000000000000000000000000B0
:10BBC0000000000000000000000000000000000075
:040000050800124598
:00000001FF
