:020000040800F2
:100000000040042075170008391400083D1400084A
:10001000411400084514000849140008C5170008D9
:100020000000000000000000000000004D14000867
:10003000511400080000000055140008591400086D
:10004000C5170008C5170008C5170008C517000820
:10005000C5170008C5170008C5170008C517000810
:10006000C5170008C5170008C5170008C517000800
:10007000C5170008C5170008C5170008C5170008F0
:10008000C5170008C5170008C5170008C5170008E0
:10009000C5170008C5170008C5170008C5170008D0
:1000A000C5170008C5170008C51700085D1400082B
:1000B000C5170008C5170008C5170008C5170008B0
:1000C000C5170008C5170008C5170008C5170008A0
:1000D00000000000C5170008C517000869140008D3
:1000E000C5170008C5170008C5170008C517000880
:1000F000C5170008C5170008C5170008C517000870
:10010000C51700087514000881140008C5170008F9
:10011000C517000895140008A1140008C5170008A9
:10012000C5170008C5170008C5170008C51700083F
:10013000C5170008C5170008C5170008C51700082F
:10014000C5170008C5170008C5170008C51700081F
:10015000C5170008C5170008C5170008C51700080F
:100160000000000000000000AD140008C5170008E2
:10017000C5170008C5170008C5170008C5170008EF
:10018000C5170008C5170008C517000800000000C3
:1001900000000000C517000800000000000000007B
:1001A0000000000000000000C5170008C517000887
:1001B000C5170008C5170008C5170008C5170008AF
:1001C000C5170008C5170008000000000000000067
:1001D000000000000000000000000000C51700083B
:1001E000C5170008C5170008000000000000000047
:1001F000C5170008C5170008C51700080000000053
:1002000000000000C5170008C51700080000000026
:1002100000000000C517000800000000C517000816
:10022000C51700080000000000000000C517000806
:10023000C5170008000000000000000000000000DA
:10024000000000000000000000000000C5170008CA
:04025000C5170008C6
:1002580010B5054C237833B9044B13B10448AFF3F8
:1002680000800123237010BD10040020000000004E
:100278008CDE000808B5034B1BB103490348AFF3F4
:10028800008008BD00000000140400208CDE000877
:10029800034613F8012B002AFBD1181A01387047BE
:1002A80081F0004102E000BF83F0004330B54FEA1F
:1002B80041044FEA430594EA050F08BF90EA020F8C
:1002C8001FBF54EA000C55EA020C7FEA645C7FEA1F
:1002D800655C00F0E2804FEA5454D4EB5555B8BF42
:1002E8006D420CDD2C4480EA020281EA030382EAB3
:1002F800000083EA010180EA020281EA0303362D45
:1003080088BF30BD11F0004F4FEA01314FF4801C17
:100318004CEA113102D0404261EB410113F0004F29
:100328004FEA03334CEA133302D0524263EB4303E0
:1003380094EA050F00F0A780A4F10104D5F1200E7E
:100348000DDB02FA0EFC22FA05F2801841F10001D9
:1003580003FA0EF2801843FA05F359410EE0A5F1AD
:1003680020050EF1200E012A03FA0EFC28BF4CF0DE
:10037800020C43FA05F3C01851EBE37101F0004594
:1003880007D54FF0000EDCF1000C7EEB00006EEBA1
:100398000101B1F5801F1BD3B1F5001F0CD349082B
:1003A8005FEA30004FEA3C0C04F101044FEA445282
:1003B80012F5800F80F09A80BCF1004F08BF5FEA09
:1003C800500C50F1000041EB045141EA050130BDE9
:1003D8005FEA4C0C404141EB0101013C28BFB1F5FB
:1003E800801FE9D291F0000F04BF01460020B1FA46
:1003F80081F308BF2033A3F10B03B3F120020CDA19
:100408000C3208DD02F1140CC2F10C0201FA0CF0F6
:1004180021FA02F10CE002F11402D8BFC2F1200C5B
:1004280001FA02F120FA0CFCDCBF41EA0C01904011
:10043800E41AA2BF01EB0451294330BD6FEA04045A
:100448001F3C1CDA0C340EDC04F11404C4F1200245
:1004580020FA04F001FA02F340EA030021FA04F357
:1004680045EA030130BDC4F10C04C4F1200220FAAE
:1004780002F001FA04F340EA0300294630BD21FAEC
:1004880004F0294630BD94F0000F83F4801306BFB2
:1004980081F480110134013D4EE77FEA645C18BFA6
:1004A8007FEA655C29D094EA050F08BF90EA020F3D
:1004B80005D054EA000C04BF1946104630BD91EA35
:1004C800030F1EBF0021002030BD5FEA545C05D138
:1004D8004000494128BF41F0004130BD14F5800477
:1004E8003CBF01F5801130BD01F0004545F0FE41EB
:1004F80041F470014FF0000030BD7FEA645C1ABF20
:10050800194610467FEA655C1CBF0B46024650EA56
:10051800013406BF52EA033591EA030F41F4002182
:1005280030BD00BF90F0000F04BF0021704730B508
:100538004FF4806404F132044FF000054FF00001DD
:1005480050E700BF90F0000F04BF0021704730B59E
:100558004FF4806404F1320410F0004548BF404273
:100568004FF000013EE700BF42004FEAE2014FEAC8
:1005780031014FEA02701FBF12F07F4393F07F4FA3
:1005880081F06051704732F07F4208BF704793F0A6
:100598007F4F04BF41F40021704730B54FF46074B9
:1005A80001F0004521F000411CE700BF50EA0102BC
:1005B80008BF704730B54FF000050AE050EA010265
:1005C80008BF704730B511F0004502D5404261EBD5
:1005D80041014FF4806404F132045FEA915C3FF416
:1005E800D8AE4FF003025FEADC0C18BF03325FEAB3
:1005F800DC0C18BF033202EBDC02C2F1200300FA64
:1006080003FC20FA02F001FA03FE40EA0E0021FA88
:1006180002F11444BDE600BF70B54FF0FF0C4CF476
:10062800E06C1CEA11541DBF1CEA135594EA0C0F28
:1006380095EA0C0F00F0DEF82C4481EA030621EA63
:100648004C5123EA4C5350EA013518BF52EA03359E
:1006580041F4801143F4801338D0A0FB02CE4FF050
:100668000005E1FB02E506F00042E0FB03E54FF080
:100678000006E1FB03569CF0000F18BF4EF0010E78
:10068800A4F1FF04B6F5007F64F5407404D25FEA74
:100698004E0E6D4146EB060642EAC62141EA555127
:1006A8004FEAC52040EA5E504FEACE2EB4F1FD0C69
:1006B80088BFBCF5E06F1ED8BEF1004F08BF5FEAE7
:1006C800500E50F1000041EB045170BD06F0004699
:1006D80046EA010140EA020081EA0301B4EB5C0446
:1006E800C2BFD4EB0C0541EA045170BD41F480113E
:1006F8004FF0000E013C00F3AB8014F1360FDEBF63
:10070800002001F0004170BDC4F10004203C35DA3E
:100718000C341BDC04F11404C4F1200500FA05F3C1
:1007280020FA04F001FA05F240EA020001F0004262
:1007380021F0004110EBD37021FA04F642EB0601D8
:100748005EEA430E08BF20EAD37070BDC4F10C0402
:10075800C4F1200500FA04F320FA05F001FA04F2C6
:1007680040EA020001F0004110EBD37041F10001B2
:100778005EEA430E08BF20EAD37070BDC4F12005BD
:1007880000FA05F24EEA020E20FA04F301FA05F225
:1007980043EA020321FA04F001F0004121FA04F2CD
:1007A80020EA020000EBD3705EEA430E08BF20EA9D
:1007B800D37070BD94F0000F0FD101F000464000D7
:1007C80041EB010111F4801F08BF013CF7D041EA59
:1007D800060195F0000F18BF704703F0004652005D
:1007E80043EB030313F4801F08BF013DF7D043EA2E
:1007F8000603704794EA0C0F0CEA135518BF95EAE4
:100808000C0F0CD050EA410618BF52EA4306D1D16A
:1008180081EA030101F000414FF0000070BD50EA89
:10082800410606BF1046194652EA430619D094EA13
:100838000C0F02D150EA013613D195EA0C0F05D1FD
:1008480052EA03361CBF104619460AD181EA030151
:1008580001F0004141F0FE4141F470014FF0000009
:1008680070BD41F0FE4141F4780170BD70B54FF0A4
:10087800FF0C4CF4E06C1CEA11541DBF1CEA135524
:1008880094EA0C0F95EA0C0F00F0A7F8A4EB050406
:1008980081EA030E52EA03354FEA013100F08880FD
:1008A8004FEA03334FF0805545EA131343EA1263C6
:1008B8004FEA022245EA111545EA10654FEA00267B
:1008C8000EF000419D4208BF964244F1FD0404F534
:1008D800407402D25B084FEA3202B61A65EB030590
:1008E8005B084FEA32024FF480104FF4002CB6EB4D
:1008F800020E75EB030E22BFB61A754640EA0C00CD
:100908005B084FEA3202B6EB020E75EB030E22BF0C
:10091800B61A754640EA5C005B084FEA3202B6EB4D
:10092800020E75EB030E22BFB61A754640EA9C000C
:100938005B084FEA3202B6EB020E75EB030E22BFDC
:10094800B61A754640EADC0055EA060E18D04FEA9A
:10095800051545EA16754FEA06164FEAC30343EA3A
:1009680052734FEAC2025FEA1C1CC0D111F4801F07
:100978000BD141EA00014FF000004FF0004CB6E700
:1009880011F4801F04BF01430020B4F1FD0C88BF9F
:10099800BCF5E06F3FF6AFAEB5EB030C04BFB6EBAA
:1009A800020C5FEA500C50F1000041EB045170BD9D
:1009B8000EF0004E4EEA113114EB5C04C2BFD4EBCA
:1009C8000C0541EA045170BD41F480114FF0000E4E
:1009D800013C90E645EA060E8DE60CEA135594EACA
:1009E8000C0F08BF95EA0C0F3FF43BAF94EA0C0FCD
:1009F8000AD150EA01347FF434AF95EA0C0F7FF442
:100A080025AF104619462CE795EA0C0F06D152EA95
:100A180003353FF4FDAE1046194622E750EA410679
:100A280018BF52EA43067FF4C5AE50EA41047FF48A
:100A38000DAF52EA43057FF4EBAE12E74FF0FF3CEF
:100A480006E000BF4FF0010C02E000BF4FF0010CC0
:100A58004DF804CD4FEA410C7FEA6C5C4FEA430C39
:100A680018BF7FEA6C5C1BD001B050EA410C0CBF88
:100A780052EA430C91EA030F02BF90EA020F0020EA
:100A8800704710F1000F91EA030F58BF994208BF51
:100A980090422CBFD8176FEAE37040F0010070470E
:100AA8004FEA410C7FEA6C5C02D150EA013C07D165
:100AB8004FEA430C7FEA6C5CD6D152EA033CD3D0B0
:100AC8005DF8040B704700BF8446104662468C46AA
:100AD8001946634600E000BF01B5FFF7B7FF0028DD
:100AE80048BF10F1000F01BD4DF808EDFFF7F4FF06
:100AF8000CBF012000205DF808FB00BF4DF808ED91
:100B0800FFF7EAFF34BF012000205DF808FB00BFB3
:100B18004DF808EDFFF7E0FF94BF012000205DF8D5
:100B280008FB00BF4DF808EDFFF7CEFF94BF01208A
:100B380000205DF808FB00BF4DF808EDFFF7C4FF83
:100B480034BF012000205DF808FB00BF4FEA410CCC
:100B58007FEA6C5C02D150EA013C0AD14FEA430CAF
:100B68007FEA6C5C02D152EA033C02D14FF00000EC
:100B780070474FF0010070474FEA410212F500122A
:100B880015D211D56FF47873B3EB625212D94FEACC
:100B9800C12343F0004343EA505311F0004F23FAB6
:100BA80002F018BF404270474FF00000704750EA0B
:100BB800013005D111F0004008BF6FF000407047C8
:100BC8004FF00000704700BF4A0011D212F5001222
:100BD80011D20DD56FF47873B3EB62520ED44FEA8D
:100BE800C12343F0004343EA505323FA02F070470D
:100BF8004FF00000704750EA013002D14FF0FF304B
:100C080070474FF0000070474FEA4102B2F1E043ED
:100C180024BFB3F5001CDCF1FE5C0DD901F0004CDB
:100C28004FEAC0024CEA5070B2F1004F40EB83002B
:100C380008BF20F00100704711F0804F21D113F157
:100C48003872BCBF01F00040704741F480114FEA90
:100C58005252C2F11802C2F1200C10FA0CF320FA19
:100C680002F018BF40F001004FEAC1234FEAD32336
:100C780003FA0CFC40EA0C0023FA02F34FEA4303A0
:100C8800CCE77FEA625307D150EA01331EBF4FF029
:100C9800FE4040F44000704701F0004040F0FE4044
:100CA80040F40000704700BF38B500220023044616
:100CB8000D46FFF723FF28B920462946BDE83840EE
:100CC80000F00AB8204605F1004100F005F840425E
:100CD80061EB410138BD00BFD0B500220B4B064681
:100CE8000F46FFF799FCFFF76FFF0446FFF71AFC62
:100CF8000022074BFFF790FC02460B463046394668
:100D0800FFF7D2FAFFF760FF2146D0BD0000F03DA3
:100D18000000F04110B588B020220021684609F093
:100D2800DAFC4FF480240023364801224FF40041B6
:100D3800C0E90143038380F820300363836380F8AC
:100D48003C304FF4B463026180F834200522C1605E
:100D5800836208214FF48063C2612B4A41610260BB
:100D6800C36201F01BF9002838D1012106230220B3
:100D78007F22CDE9001304240023CDE9020269464D
:100D880020480494059301F037FA002836D10C2343
:100D98001E4A69461B48CDE9002301F02DFA50BBD5
:100DA80012231B4A69461748CDE9002301F024FAAB
:100DB800F0B91823174A69461248CDE9002301F013
:100DC8001BFA90B94FF48073134A69460D48CDE970
:100DD800002301F011FA20B908B010BD00F024FB7F
:100DE800C3E700F021FB08B010BD00F01DFBE9E7E8
:100DF80000F01AFBDDE700F017FBD1E700F014FB69
:100E0800C5E700BFE0040020008002420200300471
:100E18000040C03A0080F03E0000844B0000000013
:100E280030B500240546D9B06C22214608A8CDE982
:100E38000244CDE90444069409F04DFCD022214631
:100E480024A809F048FC504B2A689A4201D059B0AE
:100E580030BD02232822279329934C9303232892F9
:100E680026934FF480220C239FED457B2F922C93E1
:100E78000222042324A88DED247BCDE92A2305F042
:100E8800C7FA002867D1414B0024D3F88C2040488A
:100E980042F48062C3F88C20D3F88C2002A902F4B3
:100EA80080620092009AD3F88C2042F00102C3F8C5
:100EB8008C20D3F88C301F2203F001030193019B8F
:100EC80003230494CDE9022302F01AFF01234FF40F
:100ED80000212122CDE911330E934FF480330D9177
:100EE80008A82C49CDE90944CDE90B44CDE91344C0
:100EF800199417940892159416940F9302F0A2F877
:100F0800002837D10021234A234802F0BBF970BBDF
:100F1800214802F051FA38BB002381221F4C204996
:100F28002046C4E90E33C4E910332160A26401F0FD
:100F380037FFB0B91849194802F08EFA70B92C6514
:100F480010211648E56501F0A5FE00283FF47FAFA3
:100F580000F06AFA7BE700F067FA94E700F064FAB9
:100F6800EDE700F061FAE5E700F05EFAD4E700F09B
:100F78005BFACDE700F058FAC4E700BFAFF3008092
:100F8800000020000000000000800242000C024423
:100F980000000242BC040020A40400202C0400200D
:100FA80050000240002330B5012204255D241F2192
:100FB8001B4889B0C0E90133C0E90E33C36003821E
:100FC8008374184BC0E90624C0E90812C0E90A2254
:100FD800C0E90C224561036002F09AFAC8B90023FF
:100FE800012540F2DF7440F2FF720D4802A9CDE9F5
:100FF8000233CDE90435CDE9064202F0BFFB58B90A
:101008000123022200931146054802F0E3FB09B0D0
:1010180030BD00F009FAE2E700F006FAF0E700BF99
:101028004805002000A4004010B500210446BCB0CB
:10103800D02208A8CDE90211CDE90411069109F0E2
:101048004AFB294B22689A4201D03CB010BD9FED63
:10105800207B4FF4807308A88DED087B2D9305F055
:10106800D7F980BB9FED1C7B204B0924D3F8A02027
:1010780002A942F40072C3F8A020D3F8A0201C48AB
:1010880002F400720092009AD3F88C2042F0020217
:10109800C3F88C20D3F88C308DED027B9FED107B4C
:1010A80003F0020301938DED047B019B069402F08B
:1010B80027FE00222146272001F018FC272001F0F6
:1010C80051FC3CB010BD00F0AFF9CBE7AFF30080A6
:1010D8000000000004000000800100000200000081
:1010E800000000000000000000A40040000C0244C2
:1010F8000004024200220C4B00B5D3F8881083B0DC
:1011080041F00101C3F88810D3F888301B2003F0A0
:10111800010301931146019B01F0E8FB1B2003B07A
:101128005DF804EB01F01EBC000C024470B500240D
:101138008AB0CDE90444CDE906442D4B0894D3F890
:101148008C202C4E42F00402C3F88C20D3F88C205B
:10115800294D02F004020092009AD3F88C20304600
:1011680042F08002C3F88C20D3F88C204FF4005151
:1011780002F080020192019AD3F88C2042F0010219
:10118800C3F88C20D3F88C2002F001020292029A54
:10119800D3F88C2042F00202C3F88C20D3F88C30AC
:1011A800224603F002030393039B02F073FE2246D8
:1011B8002846032102F06EFE4FF400520123CDE9C8
:1011C800042300220023304604A9CDE90623002485
:1011D80002F096FD032201232846032504A9CDE940
:1011E8000645CDE9042302F08BFD0AB070BD00BFAF
:1011F800000C0244000802420004024200230122BB
:1012080010B51748174C1849C0E90232C0E9004127
:10121800C0E90433C0E90633036202F04BFE50B95B
:1012280000210F4803F07EFA68B900210C4803F04A
:10123800A3FA80B910BD00F0F7F80021084803F0C0
:1012480071FA0028F1D000F0EFF80021044803F00B
:1012580093FA0028EED0BDE8104000F0E5B800BFD2
:10126800B005002000580040D38C806000000000CA
:1012780010B500210446BCB0D02208A8CDE902115F
:10128800CDE90411069109F026FA2B4B22689A42FF
:1012980001D03CB010BD4FF48042002308A8CDE92E
:1012A800082305F0B5F8002838D19FED1F6B9FED96
:1012B800207B0422214C02A9D4F88C30204843F02A
:1012C8000203C4F88C30D4F88C308DED026B03F037
:1012D800020300938DED047B009B069202F010FD43
:1012E8000022D4F89C30114643F48003C4F89C30A3
:1012F800D4F89C30352003F480030193019B01F05E
:10130800F5FA352001F02EFB00223620114601F0B7
:10131800EDFA362001F026FB3CB010BD00F084F851
:10132800C3E700BFAFF30080001400001200000004
:10133800000000000000000000580040000C0244BB
:1013480000040242002330B59DB0CDE90B33CDE94E
:101358000D33CDE90F33CDE90333CDE90533234A06
:101368000A9302930793136943F0300313611369D7
:1013780003F030030193019B53691B07FCD502233B
:1013880021204FF480314FF48054CDE90801002228
:101398002821CDE91633119412931493189303243A
:1013A8000C2308A81993CDE91A221394159104F077
:1013B80081FA034608B172B6FEE71F250022CDE97F
:1013C800034305930023052102A8CDE906230295CE
:1013D80004F0C2FD08B172B6FEE7054A136823F0AF
:1013E800300343F0200313601DB030BD00080244F1
:1013F8000020024008B500F099FDFFF7A3FFFFF7B2
:1014080095FEFFF777FE00F02BF900F095F9FFF74E
:1014180081FCFFF7C7FD00F0F9F8FFF7EFFE00F0D9
:1014280061FC00F073FCFCE772B6FEE7704700BF92
:10143800FEE700BFFEE700BFFEE700BFFEE700BF14
:10144800FEE700BF704700BF704700BF704700BF8E
:1014580000F092BD014801F059BB00BF2C040020E8
:10146800014802F087BB00BF48050020014805F08D
:10147800BDBE00BF5806002008B5034805F0B6FEFB
:10148800BDE8084000F006BC08060020014802F04C
:101498006BBD00BFB0050020014802F0D3BE00BFFD
:1014A800B0050020014803F0AFBA00BFA406002031
:1014B8000120704708B509F061F9162203464FF07C
:1014C800FF301A6008BD00BF08B509F057F91623A8
:1014D8000360FEE770B5161E07DD0C468D19AFF3E5
:1014E800008004F8010BA542F9D1304670BD00BF59
:1014F80070B5161E07DD0C468D1914F8010BAFF3F5
:101508000080AC42F9D1304670BD00BF4FF0FF30CB
:10151800704700BF4FF4005300204B60704700BF76
:1015280001207047002070470D49034610B50D4A49
:101538000D4C0868121B20B10344934207D80B6076
:1015480010BD0A4C2046034493420C60F7D909F0B9
:1015580015F90C2203464FF0FF301A6010BD00BF8A
:10156800040600200040042000040000A02F0020F2
:10157800F0B4002201274FF000661D491D4CD1F838
:1015880088301D4843F47003C1F888301B4B1C4D4C
:101598001F60DA611A621F683C401C609A62DA6256
:1015A8001A6358639A63D8631A6458649A6418680B
:1015B80020F4802018601A658E60AB6903F0404300
:1015C800B3F1404F01D0F0BC7047EB69DB0703D59E
:1015D8000C4A0D4BEA60EB60094BF0BCDA6942F04B
:1015E8000202DA61DA6942F00102DA61704700BF8B
:1015F80000ED00E0E3EAE2EA80020101000C0244A7
:10160800002002403B2A19087F6E5D4C002346F2F9
:10161800A811802210B51048104C84B0C0E90133DD
:10162800CDE9023304600193C160826105F0A0FC3A
:1016380050B920220023084801A90192039305F01C
:10164800B9FE20B904B010BDFFF7EEFEF1E7FFF7D1
:10165800EBFE04B010BD00BF58060020001000408B
:101668000023632110B58022F924104884B0C0E912
:101678000231CDE9023301930D4B4460826103606E
:1016880005F076FC50B920220023084801A90192F0
:10169800039305F08FFE20B904B010BDFFF7C4FE18
:1016A800F1E7FFF7C1FE04B010BD00BF0806002037
:1016B8000014004000B51D4A036883B0934205D06A
:1016C8001B4A93421AD003B05DF804FB0022194B61
:1016D8003120D3F89C1041F01001C3F89C10D3F8C6
:1016E8009C30114603F010030093009B01F0FEF8B4
:1016F800312003B05DF804EB01F034B90D4B322012
:10170800D3F89C10002241F02001C3F89C10D3F8B4
:101718009C300B2103F020030193019B01F0E6F8B4
:10172800322003B05DF804EB01F01CB90010004052
:1017380000140040000C024402230821002210B5C6
:101748000848094CC37104600171C0F80930C0F839
:101758000D2003F03DF800B910BDBDE81040FFF7BB
:1017680063BE00BFA4060020006001400D48854606
:10177800FFF7FEFE0C480D490D4A002302E0D4583D
:10178800C4500433C4188C42F9D30A4A0A4C0023C3
:1017980001E013600432A242FBD308F0F5FFFFF723
:1017A80029FEFEE70040042000000020100400206D
:1017B80050E3000810040020A02F0020FEE70000DE
:1017C80005220249024800F0DBBF00BF880900205B
:1017D800E0040020704700BF07EE900A9FED057AED
:1017E800F8EE677A67EE877AFDEEE77A17EE903AB9
:1017F80018B27047DEDC1C4200B2704700B2704776
:1018080007EE900AFBEECF7AFDEEE77A17EE903AF4
:1018180018B2704707EE900ADFED076AF8EE677AAC
:101828009FED067A77EEE67A67EE877AFDEEE77A3D
:1018380017EE903A18B27047000020420000C842E4
:1018480007EE100ADFED066AB8EE477ADFED057A93
:10185800E7EE267AFDEEE77A17EE903A18B270476F
:10186800CDCCCC3D000020C207EE100AB6EE096AC6
:10187800B8EE477ADFED067ADFED066AE7EE067A1C
:1018880067EEA67AFDEEE77A17EE903A18B270473F
:101898000000C8C20000C842030C07EE903A9FED52
:1018A800067AF8EEE77A67EE877AFDEEE77A17EEC2
:1018B800903A18B2704700BF0000FA3C07EE100AD1
:1018C800B6EE006AB8EE477ADFED067ADFED066A13
:1018D800E7EE067A67EEA67AFDEEE77A17EE903A1B
:1018E80018B27047000080C20000C84207EE900A94
:1018F8009FED057AF8EE677A67EE877AFDEEE77A6C
:1019080017EE903A18B270470000483B07EE100AED
:101918009FED086AB8EE477ADFED077AF2EE046ABF
:10192800E7EE067A67EEA67AFDEEE77A17EE903ACA
:1019380018B270470AD7233C000020C207EE900A6D
:10194800FBEECE7AFDEEE77A17EE903A18B27047C2
:10195800CB0710B510D4124C124A23781249032B26
:1019680003C982E8030004D0062B01D107232370A2
:1019780010BD0423237010BD40210B4B0B4A0446B5
:1019880001F0C6FF48B900220121204602F062F8A2
:101998000028E0D0FFF748FDDDE7FFF745FDF2E757
:1019A800140A0020B0090020B8090020C809002046
:1019B8004FF0FF31002270B50826144C144B0588EF
:1019C800C4E90011C3E90122C3E90422C3E90622DC
:1019D800DE601D601A6283888278FF2B62700DD9E1
:1019E800032023FA06FCE3702070084A08490948D6
:1019F80084F802C001F02AFF20B970BD02205FFA06
:101A080083FCF1E7BDE87040FFF70EBDC009002078
:101A1800F00900204805002030B50025214A83B090
:101A280051781378412914BF033B023BDBB203F121
:101A3800FF33044614BF5268D2F803200195032BE4
:101A48002CD8DFE803F01E21130212BA0192019884
:101A58002369A0609847237DA081CBB1637D124A9A
:101A680003F5807322F8130003B030BD130402F4A9
:101A78007F4103F47F030B43C2F3074213430193EF
:101A8800E5E7D2B20192E2E752BA92B20192DEE7FA
:101A9800054BA28823F8120003B030BD0023019340
:101AA800D5E700BFB0090020240A002008B509487E
:101AB80001F0B2FE30B900220121064801F0CAFF48
:101AC80018B908BDFFF7B0FCF5E7BDE80840FFF717
:101AD800ABBC00BF48050020704700BF704700BF7F
:101AE80070B55D4C2378072B0ED8DFE803F02B0484
:101AF800374C667D9B1300F0C7F847F22F53574ABF
:101B08001268801A984215D8554D564B2A68A3F882
:101B1800002470BD544D55482B7803EB430300EB6C
:101B2800C300FFF779FF2B780133DBB2032B88BFA3
:101B380000232B7002234A4D23702A68494BA3F8CF
:101B4800002470BD00F0A0F80123444A444D106001
:101B58002A682370434BA3F8002470BD444B4548C2
:101B68001B783F4D03EB430300EBC300FFF720FF57
:101B780000F08AF80323404A10602A682370394B22
:101B8800A3F8002470BD00F07FF83B4B1B68C01A17
:101B9800C828B9D90221364A217013780133DBB23B
:101BA800092B137003D90021052311702370334AC0
:101BB8002B4D136801331360A7E72D4E2D4833785A
:101BC80003EB430300EBC300FFF726FF0222337841
:101BD80022700133DBB2092B337095D9002205231B
:101BE8001F4D3270237090E71F4B20481B78244EFE
:101BF80003EB430300EBC300FFF7DAFE00F044F801
:101C08003368174DC01A286000F03EF8306000F0C5
:101C18003BF80623184A10602A682370114BA3F872
:101C2800002470BD00F030F8134B1B68C01AC82898
:101C38007FF66AAF0C4A0221137821700133DBB2B8
:101C4800032B137084BF002313700E4A044D1368CE
:101C58000133136059E700BF140A0020A4090020CB
:101C6800A8090020240A0020AC0900200400002054
:101C7800AD09002064000020A00900209C09002074
:101C88009409002098090020014B1868704700BF8C
:101C9800180A0020012210B511460E4802F0FAF881
:101CA8000D4A0E4C136801331360FFF715FF42F21B
:101CB80010722368934208D8013323600022BDE8DC
:101CC80010400121034802F0E5B80121044A00232D
:101CD8001170F2E700040242180A0020200A0020CE
:101CE8001C0A002008B5074805F012FA064805F056
:101CF8000FFA06F0A9FAFFF7D9FEBDE80840FFF78A
:101D08005FBD00BF5806002008060020022110B55C
:101D18000E4802F0C5F80E4B1A7862B90D4C2278BD
:101D28004FF400510C4802F0B5F800F09FF8BDE8F8
:101D38001040FFF7D5BE0021064C1970227882F0BA
:101D480001022270FFF7CAFEE9E700BF0004024261
:101D58001C0A0020150A0020000802422DE9F04163
:101D6800012234480221CCB002F094F86923324FA2
:101D7800324C788823707B7840BA062BBA881FFAD1
:101D880080FC637045D052BA92B24FEA4206B5B2AF
:101D980005F103011FFA81F829D8033B012B0ED85E
:101DA8002748D7B23A4600EB4C0001A907F0AAFC35
:101DB8007F00324601A9E01CA77008F01AFD4146D1
:101DC80046460535ADB24F1C1C4807F019FC0346C2
:101DD8002946A35519481B0AE35506F0FDFC0022C5
:101DE8000221144802F056F84CB0BDE8F081102BDF
:101DF800E5D106261248F91D00EB4C00D2B207F0D7
:101E08009DFCD7F80230082507273146C4F8023070
:101E1800DAE7062697E8030020600948A180012236
:101E2800391D00EB4C0007F089FC082507273146CF
:101E3800CAE700BF000402425815002028140020F9
:101E4800240A002010B50C4601462246044808F032
:101E5800D0FC01220349044B0C801A7010BD00BF4E
:101E6800581500205415002024140020054B1A781A
:101E78002AB10021044A19701278692A00D07047E3
:101E8800FFF76CBF241400205815002070B5244EAD
:101E98003278EAB14FF0E0231C69054614F00404D7
:101EA80018D04FF47A71B1FBF2F21E4B1C68B4FBE8
:101EB800F2F4204600F064FD044648B9024629467B
:101EC8004FF0FF3000F012FD174B20461D6070BD2B
:101ED800012070BD00F0A2FD012817D002280BD008
:101EE8000028E6D14FF4FA5231780E4BB2FBF1F2EA
:101EF8001C68B4FBF2F4DCE74FF47A7231784FF4E3
:101F08000043B2FBF1F2B3FBF2F4D2E74FF47A727A
:101F180031784FF4FA43B2FBF1F2B3FBF2F4C8E7BD
:101F280054010020000000205801002010B50320B3
:101F380000F0CAFC04F066F903460C4A0C48126A21
:101F48000C4902F00F02825C0420D3400B6000F0C1
:101F580027FD0F20FFF79AFF10B10124204610BD7E
:101F68000446FFF763FA204610BD00BF000C024488
:101F7800A8DE000800000020034A044B11681B7803
:101F88000B441360704700BF8416002054010020E2
:101F9800014B1868704700BF84160020002330B535
:101FA80083B00193002800F09C80856D0446002DC5
:101FB80000F09C80226893689D0005D5936823F003
:101FC800204323F03F0393609368D80019D45D4BF6
:101FD8005D481B6891689B09A0FB030321F0104131
:101FE8009B0921F03F0101335B0041F08051916072
:101FF8000193019B2BB1019B013B0193019B002B9A
:10200800F9D19368D9006FD40120A36D43F0100370
:10201800A365E36D0343E365936813F0040FA36DB1
:102028005BD1DB0659D4A36D23F4817343F002031B
:10203800A3659368DD0708D4444B9B6813F0010F30
:10204800434B9B6801D1D90763D5E568A36B94F826
:1020580020102B43A568012943EA0503657E43EA5E
:10206800453343EA01434FD0A16A21B1E56A01F43F
:10207800787129430B43D568364929401943D16003
:102088001369216B23F040630B43136193681B07AB
:1020980014D4D16894F83430257E21F480415B0053
:1020A80021F0020143EA85330B43D36094F83C30B6
:1020B800012B36D0136923F0010313612369012B27
:1020C8001AD0136B23F00F031363A36D23F00303DC
:1020D80043F00103A36503B030BDA36D43F01003C3
:1020E800A365012003B030BD002095E7FEF798FEF8
:1020F800E56584F854505DE7116BE36921F00F0141
:10210800013B0B431363E0E7616A013943EA41434A
:10211800AAE7114965688B6823F47C132B438B600D
:1021280093E71169236C656C21F4FF6121F00401C8
:102138002B430B43A16C0B43E16C0B4343F00103AE
:102148001361BBE700000020632D3E0500800242BA
:10215800008102420740F0FF00830242704700BF3F
:1021680008B5C06DFFF7FAFF08BD00BF704700BF94
:10217800C36D10B59A6D12F0500F9A6D1DD1196884
:1021880042F400729A650A6812F0080FCA681BD0F8
:1021980012F4406F0DD1CA6894040AD49A6D22F4DF
:1021A80080729A659A6DD10403D49A6D42F0010247
:1021B8009A651846FFF70EFB10BDD2060AD4BDE893
:1021C80010401B6D9B6E18479007E7D51846FFF720
:1021D80001FBF1E71846FFF7C9FF10BDC06D08B550
:1021E800836D43F040038365C36D43F00403C36507
:1021F800FFF7BCFF08BD00BF00222DE9F04182B007
:10220800019290F85420CD68012A00F02E810346EF
:1022180001201A6883F854009468640709D59A6DF8
:1022280042F020029A65002283F8542002B0BDE8EB
:10223800F0810868012800F0AD80AB4CA04200F0A6
:10224800A5804FF01F0C4C6802F130054FEA941E30
:102258000EF00C0E04EA0C04C0F38460A0400CFAE3
:1022680004FC55F80E4024EA0C0C4CEA000045F832
:102278000E009068400737D5906808689468E607AC
:1022880012D4CE68994CD2F8B05006F01807FC402A
:10229800C0F31307044025EA07052C43C2F8B040F1
:1022A800934CA64200F09E80924908421AD0924C64
:1022B800924DA168A84201F0E07673D0904DA842F3
:1022C80000F0D7808F4DA84200F0E2808E49884206
:1022D80008D18E498A4205D0D2F8C81041F00101D0
:1022E800C2F8C81000209EE7946808682707C5D47C
:1022F80007248D68C0F30456B440C00DB5F1004FF3
:102308006FEA040400F0040002F1140700F0E4800E
:10231800B5403E5834402C433C50506920F00040B2
:1023280050610868D1E90475042F8446D66802F123
:10233800600400F0F580C6F3C106760054F827C0A3
:10234800B540734E00F0F8400CEA060606433543E4
:1023580045F0004544F827500D698E6954F825006A
:1023680020F08070304344F825000D7F0E69A5F1F8
:102378000105B5FA85F554F826006D0920F00070BE
:1023880040EA456044F82600086877E7584CA542BB
:102398007FF457AF5D4DD5F8C84044F00104C5F847
:1023A800C8404EE70D029DD458498A429AD1A26886
:1023B800584922F0E072324342F40002A2600A68EF
:1023C80055499209A1FB0212920901325200019269
:1023D800019A002A86D0019A013A0192019A002AAC
:1023E800F9D17FE7002F62D090FAA0F4002C00F01A
:1023F800BD80B4FA84F6013606F01F05092D40F2B7
:10240800B58090FAA0F0B4FA84F5B40601263544F4
:1024180005F01F0504F0F84406FA05F52C430028DA
:1024280000F03F81B0FA80F56FF01D0603200135FA
:1024380005F01F0510FB0560000540F00070204303
:102448000727C50D8E6805F0040502F1140C5CF829
:102458000540C0F30450864007FA00F024EA000063
:1024680030434CF8050008681EE7022002B0BDE8BA
:10247800F081C8013FF536AF28498A427FF432AF70
:10248800A26822F0E072324342F08072A26029E72B
:1024980049023FF527AF1D498A427FF423AFA2685E
:1024A80022F0E072324342F48002A2601AE701246B
:1024B800800E013000F01F06800600F0F840B4409E
:1024C800092E06EB460544EA000473D9A5F11E005F
:1024D800000540F00070B2E73D582C403C50506970
:1024E80040F0004050611CE702003004FFFF0F007D
:1024F80000007F400000088000830242000021C3E2
:1025080000002943000052C700005A4700800242D9
:1025180000F0FF0300000020632D3E050081024209
:10252800156E156EC0F31306C5F38465002E45D1EC
:10253800C0F38460854272D0556E556EC5F38465CC
:1025480085427ED0A568A56804F10807C5F38465AF
:10255800854200F08B80E568E56804F10C06C5F358
:102568008464A04200F09780604687E690FAA0F461
:10257800002C00F09D80B4FA84F40134A40604F021
:10258800F84490FAA0F5002D00F090800126B5FAE5
:1025980085F5354405F01F0506FA05F52C4390FA34
:1025A800A0F000287FD0B0FA80F5013505F01F05AE
:1025B80005EB45052D0545EA040041E790FAA0F62C
:1025C8001EB1B6FA86F6B54229D0556E556EC5F3DA
:1025D800846504F10807BE469CFAACF61EB1B6FA4B
:1025E80086F6AE422FD0A568A568C5F3846504F1C8
:1025F8000C06B0469CFAACFEBEF1000F03D0BEFA42
:102608008EFEAE4534D0E568E468C4F384649CFA71
:10261800ACF5002D3FF432AEB5FA85F0A1E7106EA7
:1026280020F000401066D1F800C0506E556ECCF313
:1026380013066046C5F38465002ECAD1CCF38460C6
:102648007EE704F1080E506E774620F00040506691
:10265800D1F800C0A068A568CCF313066046C5F39E
:102668008465002EC3D1CCF3846071E704F10C08B3
:102678003868464620F000403860D1F800C0E0686D
:10268800E468CCF313056046C4F38464002DBED11E
:10269800CCF3846065E7306820F00040306008685B
:1026A800ECE50548CBE64FF4401584E7022575E7CD
:1026B8004FF0806465E700BF000050FE002370B54E
:1026C80082B0019303689A68D2072CD49968274A84
:1026D800044611422AD19A68254922F0004222F084
:1026E8003F0242F001029A608B681B0229D4FFF76F
:1026F8004FFC236805461A68D60714D41D4E9A68FD
:10270800D00704D49A68324042F001029A60FFF779
:102718003FFC431B022B236802D91A68D10705D551
:102728001A68D207EBD5002002B070BD0120A36D56
:1027380043F01003A365E36D43F00103E36502B0C2
:1027480070BD0D4B0D4A1B689B09A2FB03239B0917
:1027580001335B000193019B002BC8D0019B013B17
:102768000193019B002BF9D1C1E700BF3F00008016
:1027780000830242C0FFFF7F00000020632D3E055A
:102788004C4B2DE9F041D3F8088003689CB09D6854
:1027980015F0040514D190F854300446012B0FD0DD
:1027A80040F221231646012208F01F0823FA08F3F5
:1027B800134080F8542007D180F85430012000E0FD
:1027C80002201CB0BDE8F0810F46FFF777FF002814
:1027D8004BD1A36D216823F4706323F0010343F404
:1027E8008073A365344B994244D0A36D23F48013BE
:1027F800A365A36D1C2213F4805318BFE36D206DED
:1028080018BF23F00603E36500232C4D05662C4D05
:1028180045662C4D85660A6084F854304B6843F051
:1028280010034B60CB6843F00103CB60036D1B06BC
:1028380024D5436F002BC1D019680029BED001A848
:1028480000F0A2FC0028B9D1079B022B2FD0012B46
:1028580008BF7600206D2268436F40321B689E6077
:102868001F61DA6000F08CFB13E084F854501CB050
:10287800BDE8F081B8F1000FBBD1B6E78369022B40
:1028880013D0012B08BF760033463A46403100F09A
:10289800DFF82268936823F0004323F03F0343F0F6
:1028A800040393601CB0BDE8F081B600ECE7B60005
:1028B800D0E700BF0083024200810242792100086C
:1028C80069210008E52100084FF6FF0C06490302BC
:1028D800CA6803F4E06302EA0C02134343F0BF63DF
:1028E80043F40033CB60704700ED00E01B4B00B5AC
:1028F800DB68C3F30223C3F1070EBEF1040F03F133
:10290800040C28BF4FF0040EBCF1060F1CD9A3F12C
:10291800030C4FF0FF3303FA0CF322EA03024FF0E3
:10292800FF3303FA0EF321EA030303FA0CF313430C
:102938001B010028DBB20ADB00F1604000F56140B2
:1029480080F800335DF804FB00229446E7E7044A68
:1029580000F00F00024413765DF804FB00ED00E080
:10296800FCEC00E0002807DB012300F01F01034A0C
:1029780040098B4042F82030704700BF00E100E07A
:10298800431EB3F1807F09D24FF0E022002053614B
:102998009061136943F00303136170470120704786
:1029A800042813D8DFE800F02A1A031213004FF0A6
:1029B800E0210B69184A23F004030B61D2F8E430D4
:1029C80023F00C0343F00803C2F8E43070474FF0DB
:1029D800E022136943F00403136170474FF0E021CC
:1029E8000B690D4A23F004030B61D2F8E43023F09D
:1029F8000C0343F00403C2F8E43070474FF0E021C1
:102A08000B69054A23F004030B61D2F8E43023F084
:102A18000C03C2F8E4307047000C02444FF0E02386
:102A28001B695B070FD4094BD3F8E40000F00C00D6
:102A3800042806D0A0F10800B0FA80F04009400050
:102A48007047012070470420704700BF000C024403
:102A5800002842D0F0B490F84C40012C3AD001251F
:102A680090F8544080F84C50AC422BD14FF0020CF7
:102A780000254FF4FE47046880F854C08565A56CAE
:102A88009BB24FEA154C4FEA0C4C4CEA0303466ED6
:102A9800A364E760E1642265636943F4BA43636150
:102AA8001EB1636943F400736361036F1BB163690B
:102AB80043F4005363616369002043F001036361D9
:102AC800F0BC70470023402280F84C308265F0BC8F
:102AD800012070470220F0BC70470120704700BFFA
:102AE800034628B190F85420022A03D02022826598
:102AF8000120704704211A6883F854105369002094
:102B080043F400530B435361704700BF012103682E
:102B180010B5C3F30B02044623F47F6020F00F00C6
:102B2800503AC068C2F3C4129140014200F0A58037
:102B38001A69520509D55A69500506D54FF48062BD
:102B4800DA60A26D42F00102A2651A69110509D581
:102B58005A69120506D54FF40062DA60A26D42F098
:102B68000202A2651A69D00409D55A69D10406D5AA
:102B78004FF48052DA60A26D42F00402A2651A692D
:102B8800520409D55A69500406D54FF48042DA60D8
:102B9800A26D42F00802A2651A6991050AD55A6920
:102BA800920507D54FF40071626ED96012B12046C4
:102BB800904723681A69900411D55A6991040ED573
:102BC8004FF40052DA6094F85420042A3DD00521CD
:102BD800226F84F8541012B12046904723681A696E
:102BE800D00518D55A69D10515D5226D120645D5D7
:102BF800DA6F32B99A6C22B90122616F84F85420D5
:102C08000A734FF440700021226ED86084F84C108B
:102C18000AB120469047A36D002B2ED022680121CF
:102C28005369206D43F0020353610022030648BF35
:102C3800636F84F8541048BF1973A36E84F84C204E
:102C4800DBB12046BDE81040184701215A69206DC4
:102C580022F400525A615A6942F002025A6102068D
:102C680084F8541003D50022606F01739A6400221F
:102C7800E36E84F84C20002BE3D110BD9A6C002A37
:102C8800BFD1012284F85420BBE700BF90F854005C
:102C9800704700BFD0B1CB0616D54FF0010C0368C2
:102CA80001F01101C3F30B0223F47F6323F00F0338
:102CB800503A1129C2F3C41259680CFA02F20CBF37
:102CC8000A4321EA02025A60002070470120704737
:102CD8002DE9F0438668D2F8008000293DD04FF6F0
:102CE800FC7701EA0705002E4FD0002D50D04FF099
:102CF800000C046861464FEA144E04EA07034FEAE1
:102D08000E4E4FEA880906E0AB4222D054F80E4036
:102D1800194604EA07030CF1010CB44509EB030456
:102D2800F2D19D4202D00120BDE8F0830468240C52
:102D38002404234353F82800214396605160D3604C
:102D480020B14FF6FC731840204310610020BDE805
:102D5800F0839D426646E6D1E8E70468EEB14FF697
:102D6800FC77012E04EA0703E1D00120250C2D048D
:102D78004FEA880E0EEB030151F805C00130B0424E
:102D880019460CEA0703F5D1D1E731463346C8E7BF
:102D980029462B462E460468C9E731463346C6E71E
:102DA80070B50446FFF7F4F8002C00F0BC8002224E
:102DB8000021236884F84C1084F854205A69054689
:102DC80042F006025A6106E0FFF7E2F8431B052BC2
:102DD80000F2A48023685A69D207F5D4674AD4E977
:102DE8000E019342656C40EA010000F09E8002F1FA
:102DF8008052934200F0998002F1704280329342EF
:102E080000F0938002F18052934200F08E8002F12C
:102E180070428032934200F0888002F180529342DF
:102E280000F0838002F17042803293427DD002F13B
:102E38008052934279D002F170428032934274D02A
:102E480002F18052934270D002F170428032934274
:102E58006BD002F18052934267D002F17042803207
:102E6800934279D002F18052934275D002F17042B8
:102E78008032934270D002F1805293426CD002F1BA
:102E8800704202F5486293424FD002F18052934259
:102E98004BD002F170428032934246D002F1805208
:102EA800934242D002F17042803293423DD002F107
:102EB8008052934239D002F170428032934234D02A
:102EC80002F18052934230D002F170428032934234
:102ED8002BD002F18052934227D002F17042803207
:102EE800934222D002F1805293421ED002F17042E6
:102EF8008032934230D002F1805293422CD002F1BA
:102F080070428032934227D002F18052934223D0FC
:102F18005A69002122F4430202430DE010220323E0
:102F2800A26584F85430012070BD00215A69266CCE
:102F380022F44302304302435A6119645D64996480
:102F4800D964196500220121A56CDA67A26584F8A5
:102F580054101046256570BD5A69002122F4430CAF
:102F6800226C024342EA0C025A61002219645D6431
:102F78009964D96419655A659A65E3E75000024077
:102F8800002856D0416F002953D010B490F854301F
:102F98000268012B54695FFA83FC04D0BCF1020F6C
:102FA8000ED1E3030CD590F85430012BDCB210D0CD
:102FB8000020536943F0010353615DF8044B7047E7
:102FC8000023402280F84C3082655DF8044B0120D4
:102FD800704790F84C30012B2DD000234FF0020C95
:102FE80080F84C4080F854C081F80CC083650B61B0
:102FF8005369446E43F4BA4353611CB1536943F4B3
:1030080000735361036F1BB1536943F40053536159
:103018000B680A481C6A0A4914F0020F4FF6FC7440
:1030280018BF0146180C234000040B431060D367F7
:10303800BEE7012070470220BFE700BF000001FE85
:10304800000001F8002859D0002957D040F2FF228B
:10305800F0B54369C46945682343C46B2A402343D8
:103068000469056B234384692A4323430468C568BC
:10307800A6060B603DD5866AC76A06F1FF3C466A1C
:103088004FEA0C5C06F1FF3E866B0CF07C7C4FEA45
:103098000E1E3E430EF47C7E4CEA060C4CEA0E0CE7
:1030A8004CEA0303B5F5806F0B6065D0B5F5007F7A
:1030B80008BF42F40072436B456C1A434A6045B13D
:1030C800836C066C1B0403F47C1335432B431343B6
:1030D8004B60B0F8682014F002038A60D0E918C782
:1030E8000ED144F4A0640020C1E903C74B610C620F
:1030F800F0BDB5F5806F4A60D8D1DCE70120704794
:10310800C36C466D5D1E1E4B44F4E06403EA054340
:10311800056D1343002D826DB8BF43F08053C06D19
:10312800002EB8BF43F00053002AB8BF43F08043D5
:1031380000288B60BCBF43F000438B60002DB8BFF4
:103148006D42104B002EB8BF764203EA0643C5F322
:103158000C051D430023002AB8BF52420028B8BFFF
:10316800404292B242EA0042C1E903C700204D61E1
:103178008A61CB610C62F0BD42F480629BE700BFBC
:103188000000FF070000FF1F002877D0002975D036
:1031980030B40C6A0B68E2B2026003F00802026104
:1031A80003F40022426103F00302826103F4403217
:1031B800C261C3F3051201324262C3F30552013200
:1031C800826203F04022C2622D4A1A4082634A6832
:1031D80003F4C0539505C36346BF4FF400731D46FF
:1031E800D3B2436002F40063836002F44043036493
:1031F80002F040734364C2F3054383648B6858BF8D
:1032080002F4806502F0404202639AB2C5608266A9
:1032180014F00204D1E903520AD10123C0E918527B
:10322800C0E91444C0E91644C364002030BC7047A8
:10323800C0E91852C3F30A444A690134C2F30C05C1
:10324800C464C2F30C42DC00C0E9145201D56D42DB
:1032580005659D0044BF524242658A695C0091B28F
:103268004FEA1242C0E9161244BF49428165002B59
:10327800DBDA30BC5242C26500207047012070473B
:103288000020000C002800F090802DE9F041154640
:1032980086B0002A46D043690446012B40D0036813
:1032A8000E46002B42D00A4322EA0302B2F5803FC1
:1032B80047D293F82020002941D091F820108A4263
:1032C8002ED12A6AD0B288422AD102F00202002AFC
:1032D8004FF000014FF002023548DFF8D880227322
:1032E8000EBF0527072780462161002B3FD05EB31C
:1032F8003146204601AA0197FFF7EAFC002851D180
:10330800A268039B93423CD056F8273045F82730F3
:103318004FF6FC731D4045EA080546F827501CE0A7
:1033280004232361012006B0BDE8F081A1B322EA9D
:103338000102B2F5803F04D291F82010C1E711468E
:10334800BFE705232361EDE74FF6FC72134043EA1C
:103358000803A26845F827302560013200230121BF
:1033680018462361A260217306B0BDE8F081B6B1AA
:103378004FF6FC732B4043EA0803266046F82730D3
:10338800ECE76368002BC3D04FF6FC710B4043EAAF
:10339800080345F82730BBE70223037301610122C4
:1033A8002560DBE706232361BCE70120704700BFE7
:1033B800000001FE000001F840B1016800293BD07F
:1033C80043682BB199423BD0042303610120704725
:1033D8004269012AF8D02DE9F041022707730361F9
:1033E8000B6A1B4A3B401B4D8468002B4FEA114671
:1033F8000BBF9046A84605270727360414B34FF697
:10340800FC7C012C01EA0C0E734608D0012206EB65
:103418008705EB580132944203EA0C03F9D11E43A5
:103428004EEA080346F8273000220123026103739D
:1034380041600020BDE8F08102230361012070474C
:10344800002070474FF6FC7E01EA0E0EE8E700BF49
:10345800000001F8000001FE034600283DD00029C5
:103468003BD090F8542090F85400D2B202282FD0C4
:10347800052A2DD00A7B022A3FD01A6820488242AA
:103488002DD000F18050824229D000F17040803068
:10349800824224D000F18050824220D000F1704056
:1034A80000F5786082421AD000F18050824216D02E
:1034B80000F170408030824211D000F18050824289
:1034C8000DD00A68126A920709D503230B6104E03C
:1034D80040210022996583F84C2001207047186D1F
:1034E8004A68812804D02AB1042301200B6170475F
:1034F800002AF9D000205967704701230B61ECE7D7
:103508005003024003681869C0F30740704700BFC2
:10351800002800F015812DE9F04790F85C3004464A
:1035280003F0FF02002B73D02268936923F0100385
:103538009361FEF72DFD054604E0FEF729FD401BCB
:103548000A285BD823689A691207F6D49A6942F068
:1035580001029A61FEF71CFD064604E0FEF718FD1D
:10356800801B0A284AD82568AB69DB07F6D5AB6902
:10357800794A43F002039542AB6100F0CF80237C87
:10358800012BAB690CBF23F0400343F04003AB6150
:10359800637C012BAB690CBF43F4804323F4804365
:1035A800AB61A37C012BAB690CBF23F4805343F4BC
:1035B8008053AB61AB69A16823F440730B43AB61E3
:1035C800AB69E26823F0A403AB612B69012A23F0FD
:1035D80010032B6121D022B3022AAB6900F0B2801C
:1035E80043F08003AB612B69032A43F010032B617E
:1035F80017D1AB6943F02003AB6112E00322236EBD
:10360800012043F00103236684F85C20BDE8F087BD
:1036180080F85D20FDF708FD86E7AB6943F00403F9
:10362800AB61D4E90623013B013A1B0243EA42633A
:10363800226AB1F5407F02F1FF3243EA0203626970
:1036480002F1FF3243EA0243EB610ED1D4E90B13D6
:10365800A26A013B01391B01013A43EA01231343E2
:10366800626A013A43EA0243EB603C4B3C4F9D429D
:1036780003F51B6308BF1F46A3F51873394908BF34
:1036880019463948394A18BF864600F1D8000CBF98
:1036980092468446A2F5E47200F50E7008BF96467D
:1036A800334EDFF8D49002F1D80204BF8146944625
:1036B80002F5E4721CBF1A46B246D5F8C080E06B2A
:1036C800A66B48EA0000C5F8C000D5F88000216460
:1036D80020F4F818606B48EA0040C5F88000D5F877
:1036E8008000C4F8449020F0706040EA0660C5F895
:1036F8008000481C9042C4E912ECC4E9147A11D93C
:10370800002143F8041B9342FBD3002301222366C4
:1037180084F85C201846A365BDE8F0876268154BFD
:103728001A602CE79FED0A7B531E5B1A9B08013336
:103738005B0801EBC303A1EC027B8B42FBD1E4E7FE
:103748000120704743F02003AB616AE7AFF30080C4
:10375800000000000000000000A4004000A8004095
:1037680060AE004000AC0040B0AC0040C8B10040C2
:1037780078AE004000A5004070AC004090F85C2096
:103788000346013A012A05D91A6E012042F00202C5
:103798001A66704770B4D1E902250E6808694C6949
:1037A8009207496856B942EAC56222431B6C42EA4D
:1037B800004243F82120002070BC70475B6C40EA4F
:1037C800457043F83100224303EBC103002070BC6D
:1037D8005A607047844690F85C00012807D0DCF8EE
:1037E8006030012043F00403CCF86030704710B417
:1037F8000198DCF8004040EA4303D4F8800043EA2B
:10380800820242EA011120F03F030B430020C4F872
:1038180080305DF8044B704790F85C200346012A1D
:1038280005D01A6E012042F004021A66704702227F
:10383800002110B4046880F85C20A269084622F0D0
:103848000102A2615DF8044B19667047F0B590F863
:103858005C308646022B0BD10568D5F8C43013F4CA
:10386800001C0BD0036E43F4007303660120F0BD07
:10387800036E43F0080303660120F0BDD5F8C46069
:103888004B680C6988680F68C6F30146002B37D16E
:10389800044344EA8744D1E906030343486906EB35
:1038A800C6070343086A43EA0063C86843EA00435B
:1038B800DEF8540040F8374000EBC7004360134C73
:1038C800CB68E35CA3B19378D7781B0443EA07631A
:1038D800177804323B4312F8037C43EA072300EBD2
:1038E8000C07BB60CB680CF1040CE35C9C45EAD385
:1038F8000123B340C5F8CC300020CEF85830F0BDD5
:103908003C43044344F08044C5E700BFB8DE0008E8
:103918002DE9F04190F85C40022C0DD14029056852
:1039280010D0D5F8984027076FD1036E43F4807301
:1039380003660120BDE8F081036E43F008030366C7
:103948000120F7E7D5F890402707EED0D5F890602A
:10395800C6F30064F60148BFD5F88040D5F89070EA
:1039680048BFC4F34024C7F3012707EB0408846C5D
:1039780008EBC80604EBC604266806F080465660C5
:10398800002E5ED12668C6F38A461660266806F0C1
:1039980000569660266806F000461661A688D6612D
:1039A800B4F806C00CF00F0CC2F80CC0666806F438
:1039B80080165661666806F400169661E67906F088
:1039C8007F061662224E676816F80CE04FEAD77C2D
:1039D800C2F824C0BEF1000F10D0013B04F1070E5D
:1039E800F4461EF8015FACF1060C03F8015FD568D8
:1039F800ACEB040C755D6545F2D80568402924D008
:103A0800C5F89C800020BDE8F081D5F89860C6F321
:103A18000064F60148BFD5F88040D5F8987048BFD3
:103A2800C4F30024C7F3012707EB0408C46C08EBB0
:103A3800C80604EBC604266806F080465660002EC9
:103A4800A0D0266826F060469FE7C5F89480D9E79D
:103A5800B8DE0008034690F85C000138012805D953
:103A68001A6E012042F002021A6670471B6870B491
:103A780011F00705986D01F0380409D0C60707D47E
:103A8800DD6D45F00105DD6554B184072FD407E0ED
:103A980004B386071ED4DE6D46F00106DE6525BB3D
:103AA80011F4E07F01D0460721D411F4F05F01D072
:103AB80005071CD411F4604F01D0C40617D411F4C3
:103AC800403F01D0860612D411F47C0F13D045066E
:103AD8000DD410E011F4E07F21D046071FD4DE6D2D
:103AE80046F00106DE65002DCED0C507CCD5D86DD1
:103AF80040F00200D8650C0604D5D3F8DC0010436A
:103B0800C3F8DC00C80504D5D3F8E0000243C3F8C5
:103B1800E0205A6D002070BC0A435A65704711F4C2
:103B2800F05F01D00607DAD511F4604F01D0C60660
:103B3800D5D511F4403F01D08606D0D511F47C0FBD
:103B4800D1D04606CBD5002D9ED0CEE7704700BF1A
:103B5800704700BF704700BF704700BF704700BF85
:103B6800704700BF704700BF704700BF704700BF75
:103B7800704700BF2DE9F84F036804461A6D596D68
:103B880002EA010A1A6D596D0AF4E05A02EA0109BB
:103B98001A6D596D1E6D02EA01085A6D1F6D1640A7
:103BA8005A6DD3F854B01D6D1740690609F007091E
:103BB80008F0380806F4710607F4602702D51BF0F0
:103BC800400F73D1EA0502D51BF4807F5DD1BAF1AD
:103BD800000F4AD1B9F1000F35D1B8F1000F3CD12F
:103BE800AB0502D51BF4007F75D1280602D51BF062
:103BF800800F78D1A90402D51BF4005F5BD12A0499
:103C080002D51BF4004F5ED16B040AD51BF4804F1C
:103C180007D04FF4804223681A65236E43F080036F
:103C280023664FB926B123681E65236E3343236686
:103C3800236E2BBBBDE8F88F2368394620461F65E5
:103C4800FFF796FFEEE7236849462046C3F85090F1
:103C5800FDF77EFEB8F1000FC2D02368414620462A
:103C6800C3F85080FFF774FFBAE72368514620462F
:103C7800C3F850A0FFF76AFFB9F1000FADD0E2E733
:103C88002046FFF773FFBDE8F88F4FF48072236872
:103C98002046D3F8D8C0D3F8E0101A650CEA010121
:103CA800FFF75CFFBAF1000F94D0DEE740221A65F7
:103CB800FFF75AFF86E74FF40052236820461A653B
:103CC800FFF74EFF9BE74FF40042236820461A6532
:103CD800FFF748FF98E74FF40072236820461A65FB
:103CE800FFF738FF81E7802223682046D3F8D4C045
:103CF800D3F8DC101A650CEA0101FFF72DFF79E70C
:103D08002DE9F04F0C6883B0002C00F0BB805F4AAF
:103D1800002302EA90224FF001085D4E019264E010
:103D28000327D0F800B04FEA430C07FA0CF72BEA48
:103D3800070BFF4302F0030A09F1FF390AFA0CFAEC
:103D48004AEA0B0AB9F1010F0097C0F800A040F247
:103D58008380032A45D0C568009F2F408D6805FAE7
:103D68000CF53D43C560D5003BD523F0030707F1AB
:103D7800884A0F2703F00305ED0007FA05F9019FAC
:103D88000AF5083A07FA05F56FEA0E07DAF860C08F
:103D980012F4801F2CEA090C45EA0C05CAF8605099
:103DA80035680CBF3D404EEA05053560756812F46C
:103DB800001F0CBF3D404EEA05057560D6F88450DB
:103DC80012F4003F0CBF3D404EEA0505C6F884508A
:103DD800D6F88050D20354BF3D404EEA0505C6F8D8
:103DE8008050013334FA03F24CD008FA03F515EA8F
:103DF800040EF6D04A6822F01009B9F1020F8FD1EB
:103E08004FF00F0A0F694FEAD30903F0070C00EBD4
:103E180089094FEA8C0C07F00F0707FA0CF70AFA22
:103E28000CFCD9F820A02AEA0C0C47EA0C07C9F8C0
:103E380020700327D0F800A04FEA430C07FA0CF7CC
:103E48002AEA070AFF4302F0030909FA0CF949EACA
:103E58000A090097C0F80090D0F808A00AEA070AF3
:103E6800CF6807FA0CF949EA0A09C0F80890D0F8AF
:103E7800049029EA0509C2F300159D4045EA0905A1
:103E8800456066E703B0BDE8F08F00BF7F7F2F0075
:103E9800002002440AB1816170478162704700BF07
:103EA800436901EA030221EA030141EA024181610F
:103EB800704700BF002855D038B590F84130044607
:103EC80003F0FF02002B48D0D4E90032242184F803
:103ED8004110196822F0706221F00101E568A068BC
:103EE80019601A619A68012D22F400429A6009D07B
:103EF80040F40440022D986007D15A6842F40062E9
:103F08005A6006E040F4004098605A6822F4006263
:103F18005A6000214FF0200C5A6842F0007242F4B7
:103F280000425A60DA6822F40042DA60D4E90420D8
:103F38000243A06942EA0022DA60D4E9072002437A
:103F48001A601A68084642F001021A60616484F82F
:103F580041C0216384F8421038BD80F84020FDF745
:103F680087F9B1E7012070470268436B91691268CD
:103F780003B11847704700BF704700BF704700BFC4
:103F88000022016808B50B6880F842205A0426D53B
:103F98000B6823F480430B6090F84130292B28D01C
:103FA80090F841302A2B00D008BD4FF0280C22236E
:103FB80080F841C0036390F84130002203EA0C0303
:103FC800634514BF6FF0F40C6FF0440C0B6803EA00
:103FD8000C030B6080F84020FFF7D0FF08BD1B04DE
:103FE800DAD50B6823F400430B6090F84130292B95
:103FF800D6D14FF0280C212380F841C0036390F8F4
:104008004130002203EA0C03634514BF6FF0F20C41
:104018006FF0420C0B6803EA0C030B6080F8402039
:10402800FFF7AAFF08BD00BF704700BF70B504685E
:10403800C368A169A269022B4FEA1242A5688446A7
:10404800E668C1F3004102F0FE020FD182EAD513FF
:1040580013F00603C5F3090206D1856C01358564A2
:10406800856C022D0CD070BD06F0FE020025236879
:1040780023F0B80323608CF84050FFF7D5FF70BDDC
:1040880008258364E56180F84030FFF7CDFF70BDF7
:10409800704700BF704700BF704700BFC06D08B5CC
:1040A800836B0BB10022DA66C36B0BB10022DA66B0
:1040B80090F84130602B4FF0000305D0036380F87F
:1040C8004030FFF7E7FF08BD202280F8403080F835
:1040D80041200363FFF7E0FF08BD00BF70B500256E
:1040E800554B90F8412080F84250C3624585436C97
:1040F800283A0B43022A43640446036863D890F8BD
:10410800411090F8412001F02801282902F02802E6
:1041180014BF6FF0F6006FF04600282A18BF6FF042
:10412800F60028251A68454902401A6084F841506B
:10413800A06B226B616318B1112A14D0212A12D006
:10414800E06B18B1122A24D0222A22D094F84130E8
:10415800602B4FF0000365D02046236384F840307D
:10416800FFF798FF70BD1A68510456D4FEF78EFD0C
:104178000128EBD00023A06B314AC26684F8403096
:10418800FEF7AEFC0028EDD0A06BBDE87040C36E12
:1041980018471A68120403D51A6822F400421A60F4
:1041A800FEF774FD0128D1D00023E06B244AC266D3
:1041B80084F84030FEF794FC0028D3D0E06BBDE8CB
:1041C8007040C36E184790F8412090F841201A6853
:1041D80022F0FE021A609A69920748BF9D629A69A6
:1041E800D60703D49A6942F001029A6194F84120F3
:1041F800602A10D0202284F841209A6995060AD5B1
:104208009A69D00605D51022DA61626C42F0040280
:1042180062642022DA6100218AE71A6822F4804267
:104228001A60A3E72022204684F8412084F8403011
:104238002363FFF731FF70BD0000FFFF81450008D1
:10424800A5400008036810B49A691968D4052FD5E9
:104258000C061FD54FF48074416C41F00101416494
:104268005105DC6129D54FF48064416C920541F019
:1042780008014164DC6106D54FF40071426C42F0DC
:1042880002024264D961416C11F00B0F0CD15DF848
:10429800044B70475405F6D49405F4D50906EBD4BD
:1042A800416C11F00B0FF2D05DF8044BFFF716BF0D
:1042B8005405F1D50906D6D4E5E79205DCD4E2E742
:1042C80020222DE9F04103680D461E68C76A90F860
:1042D800411004462129DA610ED0CAB2223A082ACE
:1042E80012D8DFE812F0DC001100110011001100F3
:1042F8001100F4000900DC00212194F841201A681B
:1043080022F0FA021A6021635A68994942F400427D
:104318005A605A680A405A609A69900744BF002256
:104328009A629A69D10703D49A6942F001029A61A4
:1043380072047BD51A68A06B22F480421A6048B1D7
:104348000368D3F84880FFF7DDF880441FFA88F83F
:10435800A4F82A80690710D523685A6A636A1A7014
:10436800636A01336362238D2BB1013B2385638D1F
:10437800013B9BB2638525F00405638D9BB21BB19D
:10438800636C43F004036364EA0601D5F3062AD498
:10439800002784F84270666C6763002E50D1E36A88
:1043A800744DAB4210D194F841302046222B4FF087
:1043B800200384F8406084F84130266300F092803E
:1043C800FFF7DAFDBDE8F0812046FFF7D9FD20238D
:1043D800E562204684F8413084F840602663FFF7A0
:1043E80057FEBDE8F081638D22689BB2002B5FD138
:1043F80094F84110282979D094F84130292B4FF0AE
:104408001003D361C4D117F5803FC1D093699807D1
:1044180044BF002393629369D90703D4936943F097
:10442800010393612046FFF7ABFDB1E7300491D556
:104438001A68E06B22F400421A60002880D189E7EC
:104448002046616CFFF74AFE94F84130282BB9D119
:104458002023484A6763E262276384F841306B0788
:10446800226884F8427009D5526A636A1A70636ACE
:10447800228D01336362002A61D122681025002150
:1044880094F8413094F841301368204623F0FE0335
:104498001360D56184F84010FFF7FAFD92E72221F6
:1044A80090F841201A6822F0FC021A6001632BE799
:1044B8001023D361636C43F00403636437F08073A3
:1044C8007FF466AF2046616CFFF708FE60E70021C5
:1044D80090F8412090F841201A6822F0FE021A60F4
:1044E800016311E7FFF74AFDBDE8F081B7F1007FEE
:1044F80082D120496E07E1624FF020012363636394
:1045080084F8411084F8423008D5526A636A1A70F8
:10451800636A228D01336362EAB92268102600219A
:1045280094F8413094F841301368204623F0FE0394
:104538001360D66184F84010FFF7AAFD28E7618D63
:10454800531E4A1E92B26285616C226841F00401D2
:104558002385616492E7618D531E4A1E92B262857B
:10456800616C226841F0040123856164D6E700BFCD
:1045780000E800FE0000FFFF38B590F840C0C56AAB
:10458800BCF1010F6ED04FF0010C11F0200F0B465B
:10459800044680F840C002D012F0200F5BD1D80644
:1045A80016D5D10614D5628D216892B2002A5BD146
:1045B80094F8410028287DD094F84130292B4FF0F9
:1045C8001003CB6162D00023184684F8403038BD10
:1045D80059070DD4190729D5100727D594F8413064
:1045E80003F02803282B61D008222368DA61EAE760
:1045F8005007EFD5638D9BB26BB12268636A526A2C
:104608001A70638D616A228D013B0131013A9BB2B8
:10461800616222856385638D9BB2002BD3D115F52A
:10462800803FD0D02046FFF7ABFCCCE79907CAD52E
:104638009307C8D5638D9BB223B3616A236811F8C9
:10464800010B228D9862638D013A013B9BB2616236
:1046580063852285B7E7FFF733FE0023184684F801
:104668004030B4E7022038BD1023CB61636C43F0BF
:104678000403636435F08073A5D12046616CFFF7AD
:104688002DFDA0E735F080739DD1CBE715F5803F70
:1046980099D08B699D0744BF00238B628B69D8072B
:1046A800C0D48B6943F001038B61BBE72046FFF759
:1046B800BDFC88E7B5F1007F7FF47EAF18485B0743
:1046C800E0624FF020002263626384F8410084F8BE
:1046D800422008D54A6A636A1A70636A228D0133D8
:1046E80063628AB921681025002294F8413094F851
:1046F80041300B68204623F0FE030B60CD6184F83F
:104708004020FFF7C5FC5EE7638D013A013B9BB291
:104718006385636C216843F0040322856364E2E7E0
:104728000000FFFF90F84120202A23D15FFA82FC85
:1047380090F840200346012A1CD0242000B54FF0F1
:10474800000E1A6883F84100106820F0010010601C
:10475800106820F4805010601068014311601168DF
:10476800704641F00101116083F841C083F840E0D0
:104778005DF804FB0220704790F84120202A22D1DE
:1047880000B55FFA82FE90F840200346012A1CD04B
:1047980024204FF0000C1A6883F84100106820F0BC
:1047A80001001060106820F4706040EA0121116077
:1047B8001168604641F00101116083F841E083F817
:1047C80040C05DF804FB0220704702205DF804FB3E
:1047D80030B583B0D0B190F89532044603F0FF02AB
:1047E800002B00F0E8800323206884F8953202F05B
:1047F8008DFE237C251D8DF80030206895E80E007D
:1048080002F064FE30B1022384F89532012528466F
:1048180003B030BD0146206802F082FE0028F2D1C4
:104828002279002A00F0AE804FF48073012AC4E98F
:104838000900E075E062A38200F0C68040F201132F
:10484800022AC4E9130084F83F006065A38745D0B5
:104858004FF48173032AC4E91D0084F86700E067F8
:10486800A4F864303AD040F20313042AC4E92700BC
:1048780084F88F00C4F8A400A4F88C302ED04FF42C
:104888008273052AC4E9310084F8B700C4F8CC0063
:10489800A4F8B43022D040F20513062AC4E93B003C
:1048A80084F8DF00C4F8F400A4F8DC3016D04FF424
:1048B8008373072AC4E9450084F80701C4F81C017A
:1048C800A4F804310AD0002340F20711C4E94F3399
:1048D80084F82F31A4F82C11C4F8443100230121A5
:1048E800022AC4E95933C4E96333A4F8543184F87B
:1048F8005731C4F86C31A4F87C1184F87F31C4F8BE
:1049080094313FD00221032AC4E96D3384F8A731DA
:10491800C4F8BC31A4F8A41134D00321042AC4E992
:10492800773384F8CF31C4F8E431A4F8CC1129D016
:104938000421052AC4E9813384F8F731C4F80C321C
:10494800A4F8F4111ED00521062AC4E98B3384F893
:104958001F32C4F83432A4F81C1213D00621072AD7
:10496800C4E9953384F84732C4F85C32A4F8441299
:1049780008D00722C4E99F3384F86F32C4F8843220
:10498800A4F86C22237C20688DF8003095E80E008E
:1049980002F0D8FD054600287FF435AF0122237BBD
:1049A8006074934284F895220AD0206803F0E0FBF3
:1049B800284603B030BD80F8942204F0C9FC12E701
:1049C800204600F0C5FEF0E7C4E95900A4F85401F8
:1049D80084F85701C4F86C01D4E700BF90F894320A
:1049E800012B0FD010B501230446006884F89432D7
:1049F80002F084FD206803F0B3FB002384F89432AE
:104A0800184610BD022070472DE9F04F04468BB0C0
:104A1800006803F0B5FB10F4004525D1430500F10B
:104A28004481470417D410F4005140F08181C60432
:104A38007AD4050500F19D83010600F1798382058A
:104A480000F10A84C3050CD54FF6FF612268536C48
:104A58000B40536405E04BF6FF712268536C0B4022
:104A680053640BB0BDE8F08F2068436C1904F8D587
:104A7800DFF894B50DE011F01001036800F0F18043
:104A88001A0500F12D811B0400F13F82436C1A04C2
:104A9800E7D5416C11F00F05EDD02EB250F8267015
:104AA8003A041FFA87F957D43B06EFD550F8263059
:104AB8004FEA850803EA0B0343F4004340F8263025
:104AC80005EB850304EBC303DA7D012A00F0398185
:104AD800197D06EB8606CA0004EBC60C02F180427B
:104AE80017F480774FEAC60A02F5B232DCF82C6078
:104AF8000FFA81FE40F077811268C2F30942B24290
:104B080080F06A81B61ACCF82C609D6A0AF114010B
:104B180015449D62DCF8303021441344CCF8303021
:104B280002F054FF2068B1E723681A6C22F00402EF
:104B38001A641A6C22F008021A6494F8CC32012B19
:104B480000F09583204604F08DFC4EF6FF71226834
:104B5800536C0B40536484E750F826304FEA8508BD
:104B680023F0784323F4704323F0700343F0800369
:104B780040F8263005EB850304EBC30393F8602166
:104B8800002A00F0068193F8572193F85411022A5D
:104B980000F02A8209B250F8212022F0784222F44B
:104BA800E04222F0700242F4004242F0C00240F8B3
:104BB800212093F8542150F8223013F4804F4FF0FD
:104BC8000A031DD001E0029B013B0293029B002BCC
:104BD800F9D1D20002F1804202F5B2321368C3F370
:104BE8000943E3B108EB050104EBC101B1F85C210D
:104BF800D1F868119A4603F0F5FA12E0019B013BDF
:104C08000193019B002BF9D1D20002F1804202F5F9
:104C1800B2325368C3F30943002B40F0BC824FF013
:104C2800000A08EB050304EBC303D3F870215244D0
:104C3800C3F87021D3F868215244C3F86821D3F827
:104C48006C2122B1D3F86431534540F2B181A844B4
:104C580004EBC808204698F8541104F0BDFB2068FE
:104C680022E703EA0B0343F400430360237DA26AAF
:104C7800DB0003F1804303F5B2331B682046C3F31E
:104C880009431A442363A26204F0B0FB637C2068E2
:104C9800002B3FF4FBAEE36A002B7FF4F7AE627C97
:104CA80042F08002C2646374F0E64FF6FF31226876
:104CB8002046536C0B40536404F0A6FB94F89432DE
:104CC800012B3FF4CEAE012329462068657484F891
:104CD800943203F03FFA84F894520BB0BDE8F08F99
:104CE8000A230593059B94F854212BB1059B013B9E
:104CF8000593059B002BF9D1D30003F1804303F5FD
:104D0800B2335B68B4F85A21C3F30943C4F870316D
:104D180004F5277103F066FA2268B64B116820463D
:104D28000B4043F08003136004F04EFB2068ADE6AF
:104D38004DF6FF712268536C0B4053640BB0BDE80D
:104D4800F08F00216A1C02EB820204EBC202516060
:104D580093F82020A2B17F065A7D40F13381002AC2
:104D680040F08B821B7DDB0003F1804303F5B233F7
:104D78001A6822F07C421A601A6842F000421A60EF
:104D8800454404EBC5052046297D04F02FFB206827
:104D98007CE693F854210A230393039B2BB1039BCE
:104DA800013B0393039B002BF9D1D30003F180430C
:104DB80003F5B2335B68C3F30943002B3FF42FAF0D
:104DC80008EB050104EBC101B1F85A21D1F86811CB
:104DD8009A4603F007FA24E72046CCF82C7004F032
:104DE80005FB206852E619F0400A4FF00A0355D037
:104DF80001E0099B013B0993099B002BF9D113683A
:104E080009F48047C3F30949B14580F0D481A6EB82
:104E18000906CCF82C604FB150F82E10764B0B4099
:104E280043F4404343F0800340F82E3008EB050676
:104E380004EBC60696F83830012B55D1B36A03EB5C
:104E48000901B162DCF830304B44CCF83030776B74
:104E5800736A9F42C0F0A982FF1A776308EB0506C0
:104E680004EBC60696F815C0BCF1000F40F091821D
:104E7800166826F07C461660002B40F0BC82166847
:104E880046F00046166008EB050204EBC202928B5E
:104E980003F078F9206827E0089B013B0893089BFA
:104EA800002BF9D1536809F48047C3F30943B3428F
:104EB80000F2B181F61ACCF82C60002E00F0AE8119
:104EC8004FB950F82E604C49314041F4404141F00F
:104ED800800140F82E1008EB050704EBC70797F888
:104EE8003810012900F01E82454404EBC5052A7DCF
:104EF800424B50F822100B4083F0300343F4004338
:104F080043F0800340F82230C0E50A220168394B9B
:104F18000B4043F0800303600492049B94F85421EF
:104F28002BB1049B013B0493049B002BF9D1D300C4
:104F380003F1804303F5B2335B68C3F30943C4F854
:104F4800703193B1D4F8681179B1B4F85A2103F0EB
:104F580049F9D4F86831D4F8702120461344002167
:104F6800C4F8683104F038FA206803681F053FF573
:104F78008DAD03F44053B3F5405F3FF487AD204B4C
:104F88005A6822F07C425A60D4F86421002A40F022
:104F980092815A6842F000425A600268194B1340E5
:104FA80083F4405343F4004343F0800303606DE50A
:104FB800282101FB0541206801F5AA7102F006FDD0
:104FC800206871E5002A40F067811B7DDB0003F152
:104FD800804303F5B2335A6822F07C425A605A681B
:104FE80042F000425A60CBE619F4804F4FF00A03B2
:104FF80057D00DE08F0FFF078F8FFF07BF8FFF0779
:10500800006401408FBFFF070F8FFF07079B013B1D
:105018000793079B002BF9D1CB0003F1804303F5DD
:10502800B23308EB05021B6804EBC202D2F86CC16C
:10503800C3F309439C459A4609B2C0F04881ACEBDA
:10504800030CC2F86CC1BCF1000F0CD150F821C0A0
:10505800B14A0CEA020282F4005242F4004242F0E1
:10506800800240F8212019F0400F0AD050F821C0E2
:10507800AA4A0CEA020242F4004242F0C00240F896
:105088002120002B3FF4CDAD08EB050104EBC10155
:10509800B1F85C21D1F8681103F0A4F8C1E5069BCA
:1050A800013B0693069B002BF9D1CB0003F180430B
:1050B80003F5B23308EB05025B6804EBC202D2F8D1
:1050C8006CC1C3F309439C459A4609B2C0F00481F8
:1050D800ACEB030CC2F86CC1BCF1000F0CD150F85A
:1050E80021C08D4A0CEA020282F4005242F40042C6
:1050F80042F0800240F8212019F0400F0AD150F800
:1051080021C0864A0CEA020242F4004242F0C00280
:1051180040F82120002B3FF484AD08EB050104EB97
:10512800C101B1F85E21D1F8681103F05BF878E5A8
:105138004FF67F7123685A6C0A405A6494F8CC225F
:10514800002A34D1012120461A6C42F004021A6464
:105158001A6C42F008021A6484F8CC125B6D9B0842
:1051680003F03C03C4F8D0320BB0BDE8F04F00F0B8
:1051780003BB4FF2FF71236820461A6C42F0080205
:105188001A645A6C0A405A641A6C42F004021A648F
:1051980004F04CF965E408EB050104EBC101B1F832
:1051A8005E21D1F868119A4603F01CF839E52046CB
:1051B80004F03CF955E40023CCF82C3008EB050347
:1051C80004EBC3035B7D002B40F09880136823F049
:1051D8007C431360136843F000431360536823F063
:1051E8007C435360536843F000435360204604F007
:1051F800FDF87FB308EB050304EBC3031A7D2068B1
:10520800464B50F822100B4043F4404343F08003D0
:1052180040F8223068E60023CCF82C3008EB050370
:1052280004EBC3035B7D002B5BD1136823F07C4345
:105238001360136843F000431360536823F07C4302
:105248005360536843F000435360204604F0CEF89F
:10525800002FCFD0206847E64FF6FF51226820463E
:10526800536C0B40536404F0CBF8FFF7FABB2046AD
:1052780084F8CC1200F080FA64E4012A7FF480AD4F
:105288001B7DDB0003F1804303F5B2331A6892B249
:105298001A601A681A6073E5012A7FF471AD1B7DE4
:1052A800DB0003F1804303F5B2335A6892B25A60C7
:1052B8005A685A6064E53E2A5ED85108D607184AEB
:1052C80048BF0131536843EA8163536065E64FF094
:1052D800000CC2F86CC1B9E64FF0000CC2F86CC102
:1052E800FDE6012BB1D113689BB2136013681360FC
:1052F80053689BB2536053685360A6E7012B7FF451
:1053080075AF13689BB213601368136053689BB240
:1053180053605368536069E78FBFFF078F8FFF079C
:1053280000640140B96A1944B962DCF830601E446F
:10533800CCF83060D7F834C07E6AB44546D3ACEBBD
:1053480006037B6308EB050304EBC3035B7D002BBB
:1053580030D1536823F07C435360002E63D15368E7
:1053680043F00043536008EB050204EBC2025346C6
:10537800D28B02F007FF6DE75109D5063E4A08BFF8
:1053880001F1FF31536843EA816343F000435360FE
:1053980003E6BCF1010F06D11668B6B216601668AE
:1053A80046EA034616609BB26DE5B7B94B4686F8E8
:1053B800387053E5012B06D153689BB2536053688C
:1053C80043EA064353601FFA86FACCE7BCF1000FA4
:1053D8001DD11E4687F838C0B4E7002396F815C0DB
:1053E80086F8383073633B46BCF1000FD1D116689C
:1053F80026F07C4616603E2B22D85F08DE0716682A
:1054080048BF013746EA87669BB216603BE500262F
:105418007B7D7E6387F838606646002BCAD1536867
:1054280023F07C4353603E2E17D87708F307536860
:1054380048BF013743EA87631FFA86FA536092E749
:105448005F09DE06166808BF07F1FF3746EA876678
:1054580046F000469BB2166015E57709F3065368D7
:1054680008BF07F1FF3743EA876343F000431FFA99
:1054780086FA536077E700BF0064014090F89422F1
:10548800012A0DD010B5012204460068617484F821
:10549800942202F05FFE002384F89432184610BD6F
:1054A8000220704710B501F0070E0EEB8E0C0906AE
:1054B80004464FEACC0C24D40CF5AA714FF0000C2A
:1054C80001440EEB8E0004EBC00080F855C1022B9E
:1054D800CB7008BF0023C2F30A0208BF0B7181F822
:1054E80000E00A6194F89432012B16D00123206859
:1054F80084F8943202F03CF8002384F89432184679
:1055080010BD0CF114014FF0010C01440EEB8E009C
:1055180004EBC00080F815C0D9E7022010BD00BF19
:1055280001F0070303EB830301F00702090610B536
:105538004FEAC30304461AD44FF0000C03F5AA71CE
:1055480002EB820004EBC003214483F855C10A70C2
:1055580094F89432012B1AD00123206884F89432ED
:1055680002F082F9002384F89432184610BD4FF0F7
:10557800010C03F1140102EB820004EBC003214487
:1055880083F815C00A7094F89432012BE4D10220F4
:1055980010BD00BF38B52825002401F0070E05FB13
:1055A8000E010EEB8E0C00EBCC0CCCE95A230068F4
:1055B80001F5AA71CCF870418CF855418CF854E18A
:1055C80002F004FA204638BD01F0070101EB810121
:1055D80000EBC100D0F87001704700BF38B501F08A
:1055E800070E0EEB8E0100EBC10C0125002461466D
:1055F8000068CCF82820CCF82C30CCF834308CF863
:105608003850CCF830408CF815508CF814E0143130
:1056180002F0DCF9204638BD027901F007039A420E
:1056280036D30A0610B504461FD44FF0000C2820C4
:1056380001EB810204EBC20282F855C1012200FB92
:10564800014181F8543181F8562194F8943201F5DA
:10565800AA7193421AD0206884F8942202F00EFDB1
:10566800002384F89432184610BD0120282103EB4A
:10567800830204EBC2025075012201FB03410B7542
:105688008A7594F8943214319342E4D1022010BD03
:105698000120704738B5027901F00F039A4236D3DA
:1056A80001F0070303EB830301F007020906044630
:1056B8004FEAC3031AD4002502EB820004EBC000B2
:1056C80080F85551002503F5AA73E1180A708D700A
:1056D80094F89432012B18D00123206884F894326E
:1056E80002F0EEFC84F89452284638BD012502EBFE
:1056F800820004EBC000457500251433E1180A70D8
:105708008D7094F89432012BE6D1022038BD012027
:1057180038BD00BF11F0800F0CD001F0070101EB7C
:10572800810100EBC100143099B262B9C1800273E3
:105738000020704701EB810100EBC10000F5AA7061
:1057480099B2002AF2D001228360027300207047C8
:105758000346002110B401241A6883F8CC120846C5
:10576800516DC3F8D84221435165536D5DF8044B20
:1057780043F0020353657047704700BF024A936BBA
:1057880043F000739363704700080244444B30B4FD
:10579800996A9C6A9A6A14F47C5F9D6BC4F305202D
:1057A80035D0C2F30012C5F3CC0505FB02F207EEB3
:1057B800900A06EE902A01F003010129B8EEE77A73
:1057C800FAEEE96A25D0032941D05B6BB7EE006A8F
:1057D800C3F3080307EE903AF8EEE77ADFED315AA3
:1057E80077EE867A85EE876A77EEA67A67EE867A0E
:1057F8002B4B5B6BC3F34623013307EE103AF8EEED
:10580800C76A87EEA67AFCEEC77A17EE900A30BC14
:1058180070471A6892062ED51A685B6BC2F3C102EC
:10582800C3F3080306EE103A1F4BF7EE007AD34095
:10583800B8EEC66A05EE903A36EE276AF8EEE55AF3
:10584800C5EE877A36EE267A67EE877AD0E75B6B05
:10585800B7EE006AC3F3080307EE903AF8EEE77A6A
:10586800DFED125A77EE867A85EE876A77EEA67AAA
:1058780067EE867ABCE75B6BB7EE006AC3F3080392
:1058880007EE903AF8EEE77ADFED095A77EE867A76
:1058980085EE876A77EEA67A67EE867AA8E700BF74
:1058A800000C02440024744A0090D00320BCBE4B74
:1058B8000024744C002800F04583A84A03682DE9A9
:1058C800F041D569966ADA06044605F0180506F02F
:1058D800030624D5082D00F00E81182D00F008814C
:1058E800E3699E4F002B00F0EF803B6843F4807320
:1058F8003B60FCF74DFB804606E0FCF749FBA0EB5C
:105908000800022800F272813B689B05F5D5BB6947
:10591800226A23F47C1343EA0243BB612368D90754
:1059280038D5102D626800F00081182D00F0FA803B
:10593800B2F5803F18D0002A00F05B81B2F5A02FA5
:10594800864B00F03B82B2F5A81F1A6800F0B582BA
:1059580022F480321A601A6822F480221A601A68C7
:1059680022F480121A6004E07C4A136843F48033FE
:105978001360FCF70DFBDFF8E481074605E0FCF750
:1059880007FBC01B642800F23181D8F800309B0364
:10599800F5D52368990724D5E368002D40F0B98030
:1059A800002B00F0BD806D4B21691A6802F01802C7
:1059B8008A4240F08D81FCF7EBFA684F064605E015
:1059C800FCF7E6FA801B022800F210813B689B076F
:1059D800F6D53B69626923F4FE0343EA02433B615F
:1059E80023681A0719D5A3695C4E002B00F01C81A7
:1059F800D6F8F03043F08063C6F8F030FCF7C8FA08
:105A0800074605E0FCF7C4FAC01B022800F2EE8046
:105A1800D6F8F0301B01F5D52368590736D5504E16
:105A2800736ADA0740F1D280A368012B00F0D381B2
:105A3800002B00F0A880052B00F04B82852B474BEC
:105A4800D3F8F02000F0698222F00102C3F8F020B8
:105A5800D3F8F02022F00402C3F8F020D3F8F020A5
:105A680022F08002C3F8F020FCF792FA41F288385D
:105A780006463A4F05E0FCF78BFA801B404500F2DA
:105A8800B580D7F8F0309807F5D523689A0615D56C
:105A9800636A324E002B00F00A81336843F4805366
:105AA8003360FCF775FA074605E0FCF771FAC01B8E
:105AB800022800F29B8033689B04F6D5A36A002B6A
:105AC80040F0C680002092E03B6823F480733B607E
:105AD800FCF75EFA804606E0FCF75AFAA0EB0800ED
:105AE800022800F283803B689805F5D4236816E7FE
:105AF800022E7FF4F5AEE26992B11849206A8A69EC
:105B080022F47C1242EA00428A61D9077FF542AF4B
:105B180007E7182D0FD1012E0DD1002B7FF44BAFC5
:105B2800012064E0032E7FF403AF002AF8D09A071F
:105B38007FF557AFE368094E002B00F0A680336865
:105B4800226923F0180313433360336843F00103D9
:105B58003360FCF71DFA074609E000BF000C024459
:105B680000080244FCF714FAC01B02283ED8336828
:105B78009807F7D53369626923F4FE0343EA0243C1
:105B8800336123682DE79C4E41F28838D6F8F0300F
:105B980023F00103C6F8F030D6F8F03023F0800384
:105BA800C6F8F030D6F8F03023F00403C6F8F03029
:105BB800FCF7EEF9074604E0FCF7EAF9C01B40459C
:105BC80014D8D6F8F0309907F6D45EE7736A43F034
:105BD80001037362FCF7DCF90746736ADB073FF5DC
:105BE80023AFFCF7D5F9C01B0228F6D90320BDE87E
:105BF800F081814F3B6823F480333B603B6823F49A
:105C080080133B603B6823F480233B60FCF7C0F9BA
:105C1800804605E0FCF7BCF9A0EB08006428E5D84D
:105C28003B689803F6D4B4E6D6F8F03023F08063E6
:105C3800C6F8F030FCF7ACF9074604E0FCF7A8F921
:105C4800C01B0228D2D8D6F8F0301801F6D4E3E603
:105C5800182D69D0022B00F0C680674C236823F00A
:105C680080732360FCF794F9054604E0FCF790F98B
:105C7800401B0228BAD823689B01F7D4A36A23F4EF
:105C8800E02323F00303A3621CE7336823F0010336
:105C98003360FCF77DF9074604E0FCF779F9C01B8F
:105CA8000228A3D833689907F7D4236899E633689C
:105CB80023F480533360FCF76BF9074604E0FCF7E4
:105CC80067F9C01B022891D833689804F7D4F5E621
:105CD8001A6822F018020A431A60DA6902F01802F8
:105CE800082A00F02B81DA6912F0180F40F00581BC
:105CF8001A68920640F10F811A68404BC2F3C1023C
:105D0800D3403D4A3E48126A3E4902F00F02825C87
:105D180002F01F02D3403C4A0B601068FCF7B6F84B
:105D280000283FF448AEFBE6334A012B916A556BD5
:105D38003FF4F6AEE06A01F0030383427FF4F0AE6D
:105D4800236BC1F3052199427FF4EAAE636BC5F377
:105D58000801013B99427FF4E3AEA36BC5F34621EA
:105D6800013B99427FF4DCAEE36BC5F30641013B8E
:105D780099427FF4D5AE236CC5F30665013B9D427D
:105D88007FF4CEAE936BE26CC3F3CC0393423FF443
:105D980099AE194A936A23F010039362FCF7F8F856
:105DA8000546FCF7F5F8A842FBD0E26C124BD2008E
:105DB8009A639A6A42F010029A6283E61A6842F479
:105DC80080221A601A6822F480121A601A6842F453
:105DD80080321A60CDE5084AD2F8F03043F001036A
:105DE800C2F8F03040E6044D2B6823F080732B6036
:105DF800FCF7CEF806460FE0000C02440090D003F2
:105E0800A8DE00080000002058010020FCF7C0F8B8
:105E1800801B02283FF6EAAE2B689901F6D4AB6ADC
:105E2800E16A23F47C53226B23F003030B4343EA18
:105E38000223AB62D4E90E32616B013B013A5B028B
:105E4800120402F4FE0201399BB21343C1F30802A3
:105E58001343226C3C4E013A120602F0FE421343F1
:105E68006B63AB6A23F01003AB62E36CDB00AB63DC
:105E7800AB6A43F01003AB62AB6A626C23F00C03AD
:105E88001343AB62AB6AA26C23F020031343AB62EB
:105E9800AB6A43F48033AB622B6843F080732B60AA
:105EA800FCF776F8044633689A013FF50BAEFCF729
:105EB8006FF8001B0228F6D998E642F480221A608F
:105EC8001A6842F480121A601A6842F480321A6022
:105ED8004FE51D4BD3F8F02042F00402C3F8F02040
:105EE800D3F8F02022F08002C3F8F020D3F8F02095
:105EF80042F00102C3F8F020B6E5DA6902F01802B0
:105F0800102A1DD0DB6903F01803182B03D1FFF703
:105F18003DFC0346F5E60D4BF3E642F00402C3F8F8
:105F2800F020D3F8F02042F08002C3F8F020D3F834
:105F3800F02042F00102C3F8F02095E5044BE0E6BA
:105F4800044BDEE601207047000C02440090D003A9
:105F580000093D0040787D01002800F033819E4A09
:105F68002DE9F0411368044603F00F038B420D46F8
:105F78000CD2136823F00F030B431360136803F06C
:105F88000F038B4202D00120BDE8F0812368D906B7
:105F98000DD5924960690A6A120A02F070029042AD
:105FA80005D90A6A22F4E04242EA00220A621A0784
:105FB8000DD58A4920690A6A120902F070029042D6
:105FC80005D90A6A22F4E06242EA00120A625F070F
:105FD8000BD58249E0680A6A02F07002904204D93F
:105FE8000A6A22F0700202430A629E0703F0010265
:105FF80040F1A580794EA068316A01F00F0188420E
:1060080004D9316A21F00F010143316282B3626819
:10601800724B032A1B6800F09A80022A00F0CE8097
:10602800012A00F0E7809F07ADD56C4E41F2883811
:10603800F36923F003031343F361FBF7A9FF6368D4
:106048000746032B00F08C80022B00F09480012B74
:1060580006D19BE0FBF79CFFC01B404500F2B480D3
:10606800F36913F0180FF5D123689E0707D5A068C8
:106078005A490A6A02F00F02824200F29980564990
:106088000A6802F00F02AA420AD90A6822F00F022F
:106098002A430A600A6802F00F02AA427FF473AF2B
:1060A8005D070BD54D49E0680A6A02F0700290421C
:1060B80004D20A6A22F0700202430A6218070DD558
:1060C800464920690A6A120902F07002904205D214
:1060D8000A6A22F4E06242EA00120A62D9060DD581
:1060E8003E4A6169136A1B0A03F07003994205D29C
:1060F800136A23F4E04343EA01231362374BDA6956
:1061080002F01802082A61D0DA6912F0180F43D198
:106118001A6892064AD51A68314BC2F3C102D340B5
:106128002E4A3048126A304902F00F02805C2F4A2A
:10613800C340BDE8F04108681360FBF7A7BE002A1A
:106148009DD06268254B032A1B687FF466AF9801CF
:106158003FF56BAF17E7FBF71BFFC31B434533D86E
:10616800F36903F01803182BF5D17DE7FBF710FF4F
:10617800C01B404528D8F36903F01803102BF5D14C
:1061880072E7FBF705FFC01B40451DD8F36903F014
:106198001803082BF5D167E7DA6902F01802102A0C
:1061A8002CD0DB6903F01803182B11D00C4BB7E780
:1061B8000A6A22F00F0202430A6260E799033FF578
:1061C80034AFE0E6012070470320DDE6084BA7E77F
:1061D800FFF7DCFA0346A3E700200240000C024464
:1061E8000090D003A8DE000858010020000000201D
:1061F80000093D009B053FF518AFC4E6004B8FE74B
:1062080040787D01124BDA6902F01802082A18D08A
:10621800DA6912F0180F08D11A6892060FD51B68B0
:106228000C48C3F3C103D8407047DA6902F018027A
:10623800102A0AD0DB6903F01803182B03D005488D
:10624800704705487047FFF7A1BA0448704700BF78
:10625800000C02440090D00300093D0040787D0105
:1062680070B5344C0646236823F080632360FBF73F
:106278008FFE054604E0FBF78BFE401B022857D82B
:1062880023681A01F7D4E36A316823F47C537268EF
:1062980023F003030B4343EA0223E362D6E9033204
:1062A800013B013A5B02120402F4FE029BB2B168A0
:1062B800134372690139013AC1F3080112060B430D
:1062C80002F0FE421343E363E36AB26923F00C036E
:1062D8001343E362E36AF26923F020031343E362A2
:1062E800E36A726A134D1343E362E36A23F010030F
:1062F800E362236C326A23F47F4323F0F80343EA12
:10630800C2032364E36A43F01003E362236843F0A3
:1063180080632360FBF73CFE044604E0FBF738FE8D
:10632800001B022804D82B681B01F7D5002070BD7C
:10633800032070BD000C024470B5344C0646236837
:1063480023F080532360FBF723FE054604E0FBF7A8
:106358001FFE401B022857D823689A00F7D4236BE6
:10636800316823F47C53726823F003030B4343EA38
:1063780002232363D6E90332013B013A5B0212048C
:1063880002F4FE029BB2B168134372690139013A03
:10639800C1F3080112060B4302F0FE421343636483
:1063A800236BB26923F00C0313432363236BF26955
:1063B80023F0200313432363236B726A134D1343A3
:1063C8002363236B23F010032363A36C326A23F443
:1063D8007F4323F0F80343EAC203A364236B43F02B
:1063E80010032363236843F080532360FBF7D0FD39
:1063F800044604E0FBF7CCFD001B022804D82B68F8
:106408009B00F7D5002070BD032070BD000C02442E
:106418002DE9F843D0E90032DE01044608D52D48BD
:10642800A56DD0F8E81021F040412943C0F8E810E4
:1064380013F001061DD0E16D052900F28B85DFE818
:1064480011F00F004A0506000F000F000F0004F1BD
:106458003000FFF771FF0646D4E900324EB9E16D0E
:1064680000261C4DD5F8D80020F007000143C5F8D8
:10647800D8109D0731D5216E28292DD8DFE811F0D5
:106488001E052C002C002C002C002C002C002C00AD
:1064980042052C002C002C002C002C002C002C0079
:1064A8004E052C002C002C002C002C002C002C005D
:1064B8001E052C002C002C002C002C002C002C007D
:1064C8001E052C002C002C002C002C002C002C006D
:1064D8001E0500BF000C02440126354658071CD58E
:1064E800616E802900F0708400F2BE8349B14029B2
:1064F80040F0C38304F10800FFF7B2FED4E900328C
:106508000546002D40F00684AB4F606ED7F8D810D2
:1065180021F4E0710143C7F8D81019071ED5A16E00
:10652800B1F5806F00F05B8400F2758351B1B1F56D
:10653800007F40F07A8304F10800FFF791FED4E968
:1065480000320546002D40F0E1839B4FA06ED7F83E
:10655800D81021F460610143C7F8D810DF061ED5B2
:10656800E16EB1F5005F00F01F8400F2968351B12F
:10657800B1F5805F40F09B8304F10800FFF770FEDF
:10658800D4E900320546002D40F0BC838A4FE06E06
:10659800D7F8D81021F4E0410143C7F8D81098067D
:1065A8001ED5216FB1F5803F00F0628400F2688348
:1065B80051B1B1F5004F40F06D8304F10800FFF7C9
:1065C8004FFED4E900320546002D40F0A1837A4FF2
:1065D800206FD7F8D81021F460310143C7F8D810DC
:1065E800D9041ED5616FB1F1007F00F0168400F266
:1065F8001F8351B1B1F1807F40F0248304F108007A
:10660800FFF72EFED4E900320546002D40F07C83CA
:10661800694F606FD7F8E01021F0E0610143C7F8D7
:10662800E0109F040ED5A16FB1F5803F00F096836E
:1066380040F20B8321F48031B1F5003F00F008836C
:106648000126354658040ED5E16FB1F5802F00F0CC
:106658007C8340F2CF8021F48021B1F5002F00F037
:10666800CC800126354619040FD5D4F88010B1F531
:10667800801F00F0858340F2CD8021F48011B1F5B0
:10668800001F00F0CA8001263546DF030BD5D4F879
:106698008410B1F1807F00F0118231F0007100F0B8
:1066A800148201263546D0040BD5D4F88810B1F1F0
:1066B800806F00F0188231F0006100F01B82012623
:1066C8003546110509D53C49C86920F40040C86120
:1066D800C869D4F8C8703843C8619F0320D5D4F876
:1066E8008C10B1F5007F00F08D8300F2A48051B1C9
:1066F800B1F5807F40F0A98004F10800FFF7B0FDF4
:10670800D4E900320546002D40F0F4822A4FD4F82F
:106718008C00D7F8DC1021F4E0610143C7F8DC10E5
:10672800580320D5D4F89010B1F5005F00F0958398
:1067380000F28E8051B1B1F5805F40F0938004F192
:106748000800FFF78DFDD4E900320546002D40F022
:10675800D582194FD4F89000D7F8DC1021F4E04125
:106768000143C7F8DC1099020CD5D4F8A01002290F
:1067780000F08D8140F292810339022940F28E8126
:1067880001263546970507D5D4F8A41031F008003E
:1067980000F0BE8101263546980100F1C7815801F5
:1067A8000ED5D4F89810102900F0E2825DD921F0B6
:1067B800100020285BD001E0000C02440126354679
:1067C800590209D5D4F89C10002900F0B582402957
:1067D80000F07682012635461F0166D5D4F8AC1044
:1067E800042900F2BD83DFE811F04E006103510374
:1067F8005300530000297FF434AF002D40F0CA82C3
:10680800AD4FE06FD7F8E41021F440210143C7F8F9
:10681800E41028E700297FF436AF002D40F082828B
:10682800A54FD4F88000D7F8E41021F440110143B3
:10683800C7F8E41029E721F48070B0F5806F3FF4C1
:1068480062AFB1F5407F3FF45EAF0126354667E79A
:1068580021F48050B0F5804F3FF478AFB1F5405F38
:106868003FF474AF012635467DE70029A6D1002DF7
:1068780040F05A82904FD7F8E80020F030000143EA
:10688800C7F8E8109CE78C48816A41F400318162BE
:10689800002D40F01382884FD4F8AC00D7F8E010F0
:1068A80021F007010143C7F8E010D80028D5D4F833
:1068B800B010202922D8DFE811F09C012100210026
:1068C80021002100210021002100150321002100C1
:1068D800210021002100210021001D0321002100A9
:1068E80021002100210021002100A1012100210017
:1068F80021002100210021002100A10101263546A7
:1069080099001ED5D4F8B410802900F0C78245D864
:10691800002900F0E981402945D104F10800FFF77A
:106928009FFCD4E900320546002D40F0C581624F36
:10693800D4F8B400D7F8E01021F4E0710143C7F8A7
:10694800E0105B001DD5D4F8B830B3F5806F00F0C7
:106958007A822BD843B1B3F5007F2FD104F1080018
:10696800FFF77EFC05466268002D40F0C58152495C
:10697800D4F8B800D1F8E03023F460630343C1F8D9
:10698800E03097071ED5D4F8A830032B00F2E58233
:10699800DFE813F0470042004F024700C029C3D088
:1069A800B1F5807FC0D001263546CAE723F40071CF
:1069B800B1F5006FD8D0B3F5C06FD5D001269707D1
:1069C8003546E0D450070CD5D4F89430B3F5807F21
:1069D80000F01082B3F5007F45D0002B49D0012686
:1069E8003546D10609D5D4F8C430202B27D0302B12
:1069F8002BD0102B00F0D0810126130709D52E4A81
:106A0800D4F8C010D2F8E83023F0C0030B43C2F822
:106A1800E8303046BDE8F88327498B6A43F40033F1
:106A28008B62002D40F06C812349D4F8A800D1F87E
:106A3800E43023F003030343C1F8E430C2E704F170
:106A48003000FFF779FC05466268002D40F066814A
:106A58001949D4F8C400D1F8E43023F030030343D3
:106A6800C1F8E430C9E704F10800FFF7F9FB05466F
:106A78006268002D40F050810F49D4F89400D1F895
:106A8800E83023F440730343C1F8E830A9E704F180
:106A98000800FFF7E5FBD4E900320546002D40F079
:106AA8003F81054FD4F8A000D7F8E81021F007017E
:106AB8000143C7F8E81065E6000C024404F1300011
:106AC800FFF73AFCD4E900320546002D40F030814A
:106AD800BB4FD4F88400D7F8E41021F0407101438B
:106AE800C7F8E410DFE504F13000FFF725FCD4E92E
:106AF80000320546002D40F01981B14FD4F88800C6
:106B0800D7F8E41021F040610143C7F8E410D8E554
:106B1800002D40F0B981AA4FD7F8E80020F008000E
:106B280001439801C7F8E8107FF539AEA54F7B6A95
:106B380043F001037B62FBF72BFA804606E0FBF784
:106B480027FAA0EB0800022800F2F0817B6AD90737
:106B5800F5D5002D40F0EB81994FD4F8BC30D7F82B
:106B6800F02012F4407228D09A4226D0D7F8F010BC
:106B7800D7F8F02042F48032C7F8F020D7F8F02098
:106B880022F48032C7F8F02021F44072C7F8F020D0
:106B9800CA0712D5FBF7FCF941F28839804606E0AE
:106BA800FBF7F6F9A0EB0800484500F2CE81D7F8CC
:106BB800F0309B07F4D5D4F8BC3003F44072B2F53A
:106BC800407F00F0B8817E49CA6922F47C52CA61CC
:106BD8007B4AC3F30B03D2F8F01021F44071C2F8DA
:106BE800F010D2F8F0100B43C2F8F030D4E90032BC
:106BF800D5E57348816A41F400318162002D59D18D
:106C08006F4FD4F8B000D7F8E01021F038010143F5
:106C1800C7F8E01074E621F40070B0F5006F3FF497
:106C280091ACB1F5C06F3FF48DAC0126354695E4C3
:106C380021F08070B0F1806F3FF4E7ACB1F1407F94
:106C48003FF4E3AC01263546EBE400297FF4F8ACC9
:106C5800002D6FD15A4FA06FD7F8E41021F44031BE
:106C68000143C7F8E410EDE421F04000B0F5807F5F
:106C78003FF447ACC0293FF444AC012635464CE408
:106C880021F40040B0F5003F3FF49EACB1F5C03FA1
:106C98003FF49AAC01263546A2E421F48050B0F5C1
:106CA800804F3FF470ACB1F5405F3FF46CAC012607
:106CB800354674E42E4623E62E4642E62E46F4E593
:106CC80004F10800FFF7CCFAD4E900320546002D9C
:106CD80039D13B4FD4F89C00D7F8E41021F040019B
:106CE8000143C7F8E41077E53548816A41F400317B
:106CF800816219E62E4613E52E4642E62E4632E517
:106D08002E465FE62E464AE42E468AE42E4625E4C1
:106D18002E4665E42E4600E42E4662E62E466CE6D4
:106D28002E462FE52E46B0E42E4649E52E46C8E409
:106D38002E46B8E42E4685E42148816A41F40031A4
:106D48008162002DC5D02E4646E504F13000FFF7DC
:106D5800F3FAD4E900320546E5B951E504F130000B
:106D6800FFF7EAFAD4E900320546002DE2D171E7CF
:106D7800134FB86A40F40030B862002DD4D179E5D9
:106D880004F13000FFF7D8FAD4E900320546002DA7
:106D9800C8D145E52E4666E409498B6A43F40033B9
:106DA8008B62002DBAD153E604F13000FFF7C4FA24
:106DB800D4E900320546002DA4D1FFF7E7BB00BF98
:106DC800000C02440008024404F13000FFF7B4FA52
:106DD800D4E900320546002D9CD1FFF795BB04F19C
:106DE8003000FFF7A9FAD4E900320546002D8DD10D
:106DF800FFF7ABBB5C498B6A43F400338B62002D11
:106E08008AD139E604F13000FFF796FAD4E9003266
:106E18000546002D7FF46EAF78E404F13000FFF7EB
:106E28008BFAD4E900320546002D7FF46DAFFFF7E9
:106E3800EFBB04F10800FFF713FA05466268002D5E
:106E48007FF45EAFF0E504F13000FFF775FA054610
:106E58006268002D7FF450AF89E504F13000FFF738
:106E68006BFAD4E900320546002D7FF447AF70E491
:106E780004F13000FFF760FAD4E900320546002D2E
:106E88007FF446AFFFF7A3BB2E4685E404F130003C
:106E9800FFF752FAD4E900320546F9E404F130006C
:106EA800FFF74AFAD4E9003205463DE504F1080047
:106EB800FFF7D6F9D4E900320546E9E4354655BB73
:106EC800294F206ED7F8D81021F038010143C7F8B0
:106ED800D810FFF703BB04F10800FFF7C1F9064615
:106EE800FFF7BABA04F10800FFF7BAF9D4E900329B
:106EF800054683E604F13000FFF71EFAD4E90032B4
:106F080005467BE604F10800FFF7AAF9D4E9003248
:106F18000546002DD4D02E46FFF7E0BA04F1300024
:106F2800FFF70AFAD4E900320546C8E70325D4E991
:106F380000322E4633E40C480C4AC16902EA1312A7
:106F480021F47C510A43C26142E60326D4E90032A7
:106F5800354624E40126FFF78CBA0126354631E58B
:106F680001263546A1E400BF000C0244CFFFFF0014
:106F7800002800F0A88038B590F83D30044603F0AA
:106F8800FF02002B00F09A8002222368584984F8F7
:106F98003D208B421A6848D001F180518B4244D081
:106FA800B3F1804F78D0B3F1A04F75D051498B42DF
:106FB80072D001F180518B426ED04F498B426BD019
:106FC80001F180518B4267D04C498B427DD001F151
:106FD80080518B4200F0878049498B4275D001F17E
:106FE80080518B4271D047498B4259D044498B42DA
:106FF80073D001F180518B426FD043498B424FD0FF
:1070080001F180518B424BD040498B4265D001F150
:1070180080518B4261D0A569E068616822F08002E6
:107028002A431A60D862996212E0A06822F07002BE
:107038002169024322F440720A43A16922F08002C6
:107048000A431A60E268DA6262689A6262691A63DD
:1070580001225A611A69D20703D51A6922F001027E
:107068001A61012384F8483084F83E3084F83F30B0
:1070780084F8403084F8413084F8423084F8433052
:1070880084F8443084F8453084F8463084F8473032
:1070980084F83D30002038BDA16822F070020A4310
:1070A800206922F44072A169024322F08002E0685C
:1070B8000A4361681A60D8629962C9E780F83C207F
:1070C800FAF7F8FA60E701207047A16822F0700229
:1070D8000A430A498B4289D1E2E7206922F44072C7
:1070E800A1690243AAE7A16822F070020A437AE77D
:1070F800002C01400004004000080040000C004043
:1071080000340140000C00500018004000400140CD
:1071180090F83D30012B4BD10222036880F83D20C6
:10712800DA68244942F001028B42DA6032D0224AFE
:1071380093422FD0B3F1804F2CD0B3F1A04F29D078
:107148001E4A934226D002F18052934222D01C4A12
:1071580093421FD002F1805293421BD0194A9342A6
:1071680018D002F18052934214D0174A934211D09A
:1071780002F1805293420DD0144A93420AD002F190
:107188008052934206D0124A934203D002F18052B1
:10719800934207D199680F4A0A40062A06D0B2F5E9
:1071A800803F03D01A6842F001021A60002070473D
:1071B80001207047002C0140002C015000040040C1
:1071C80000080040000C0040003401400018004056
:1071D8000040014007000100704700BF704700BF32
:1071E800704700BF704700BF704700BFF8B503681D
:1071F8000546DE681C69A10701D5B2076ED4600791
:1072080001D5710757D4220701D5330740D4E106C9
:1072180001D5F20628D4E30701D5F7077CD414F486
:10722800025F04F4807769D030067DD4620602D507
:10723800730600F18B80A70602D5B00600F18E8098
:10724800E10202D5F20200F19180A30202D5B70251
:1072580000F19480600202D5710200F19780220249
:1072680001D533024FD4F8BD6FF0100108222B6806
:10727800284619612A77DB6913F4407F40F097802C
:10728800FFF7ACFF2846FFF7ADFF00232B77C2E7D7
:107298006FF0080104222B68284619612A77DB69F8
:1072A8009F0740F08180FFF799FF2846FFF79AFF74
:1072B80000232B77ABE76FF0040102222B682846E6
:1072C80019612A779B6913F4407F6AD1FFF786FF1B
:1072D8002846FFF787FF00232B7794E76FF0020219
:1072E8001A61012202779B699F0757D1FFF776FF42
:1072F8002846FFF777FF00232B7780E7002F95D0EC
:1073080031061BD492E76FF400022B6828461A61F5
:10731800BDE8F84000F0D8B86FF001022B682846A5
:107328001A61FFF759FF7AE76FF402522B68284673
:107338001A6100F0BFF8002F3FF478AF6FF4807245
:107348002B6828461A6100F0B7F86FE76FF0400223
:107358002B6828461A61FFF747FF6CE76FF0200299
:107368002B6828461A6100F0A3F869E76FF48012C9
:107378002B6828461A6100F0A1F866E76FF400123E
:107388002B6828461A6100F09BF863E76FF48002C7
:107398002B6828461A6100F095F860E7FFF720FF90
:1073A800A9E7FFF71DFF96E7FFF71AFF80E7FFF74A
:1073B80017FF6AE790F83C30012B69D0022330B4FC
:1073C8000268344D80F83D30AA42844653680C6800
:1073D800906847D005F18055AA424ED02E4DAA425A
:1073E80040D005F18055AA423CD023F0007323F029
:1073F80070032343B2F1804F536025D0B2F1A04F00
:1074080022D0264B9A421FD003F180539A421BD0B8
:10741800234B9A4218D003F180539A4214D0214B3F
:107428009A4211D003F180539A420DD01E4B9A42D2
:107438000AD003F180539A4206D01C4B9A4203D0DB
:1074480003F180539A4204D18B6820F080001843DE
:107458009060002301228CF83C308CF83D201846BF
:1074680030BC70474D6823F470032B4323F000733E
:1074780023F0700323435360E6E74D6823F4700359
:107488002B4323F0007323F070031C435460DBE7A5
:1074980002207047002C01400034014000040040E5
:1074A80000080040000C0040001800400040014067
:1074B800704700BF704700BF704700BF704700BFEC
:1074C800704700BF704700BF704700BF84B00DF120
:1074D800040C8CE80E0068B103460021026C04B06D
:1074E80022F000420264026C42F001020264084683
:1074F80059647047012004B0704700BF034600225A
:107508004BF680715A641046196470470246136C32
:10751800002023F43F4323F080031364704700BF27
:1075280029B9036C23F00043036400207047012944
:1075380005D1036C43F00043036400207047012029
:10754800704700BF84B00DF1040C8CE80E000346B0
:10755800012200211A641A6C084622F001021A64FA
:107568001A6C04B022F000421A645964704700BFD4
:10757800F0B50D7803462AB2B54C50F8220091F8C0
:1075880003C00440BCF1030F00F24F81DFE80CF0A8
:10759800686B4D0244F4C06448F2800E44EA0E045D
:1075A80043F8224053F82240AA482040284340EAA2
:1075B8000E0043F82200087B002860D10020B1F8B3
:1075C80006E0D4004E784FEA9E0E04F180444FEA5C
:1075D8008E0E04F5B234002E00F0E0802168090C0C
:1075E80009042160216841EA0E01216053F8221044
:1075F8004F0609D553F822409649214041F40041ED
:1076080041F0C00143F8221053F822409249BCF1DE
:10761800010F01EA04012BD081F0200141F400415F
:1076280041F0800143F82210F0BD48F2800634434F
:1076380043F8224053F82200864F3840284330430D
:1076480043F82200087B0028B8D053F822003840BD
:1076580040F4014040F0800043F82200002019E087
:1076680044F4007498E744F4806495E781F4005189
:1076780041F4004141F0800143F82210F0BD0020A0
:1076880053F82250754C2C4044F4004444F08004D4
:1076980043F82240D40004F1804404F5B23425684C
:1076A8006F4EB1F808E03540256025684FEA9E0E18
:1076B80045EA8E0525606568B1F80AE035406560E1
:1076C80065684FEA9E0E45EA8E056560497871BB8C
:1076D80053F822104E0409D553F822405D49214041
:1076E80041F4404141F0800143F8221053F8221040
:1076F8004D0609D553F822405649214041F400412E
:1077080041F0C00143F8221048F2800553F82240A6
:107718005449214081F44051294343F8221053F839
:1077280022104D4C0C402C4343F82240F0BD53F836
:1077380022104C0409D553F822404649214041F40F
:10774800404141F0800143F8221053F822104906C5
:1077580009D553F822403F49214041F4004141F006
:10776800C00143F8221053F822403B49BCF1010FF5
:1077780001EA040118BF81F0200141F4004141F001
:10778800800143F8221053F822403649214041F441
:10779800004141F0800143F82210F0BD0E69616894
:1077A800090C09046160616841EA0E016160616861
:1077B80021F07C4161603EB33E2E2AD8770861688B
:1077C800F60748BF013741EA8761616053F8221024
:1077D8004F0409D553F822401E49214041F4404145
:1077E80041F0800143F8221053F822401D492140FE
:1077F800002D7FF43BAF81F4405141F4004141F04A
:10780800800143F82210F0BD616841F000416160D9
:10781800DCE77709F106616808BF07F1FF3741EA3D
:10782800876141F000416160D0E748F28006344347
:1078380043F8224053F8224006482040284330436A
:1078480043F82200087B08B90120B8E6012017E7B1
:107858008F89FF078F8FFF07BF8FFF078F8EFF0767
:107868000000FFFF8FBFFF0710B40C7B4A780B782E
:10787800A4B9002A71D050F82320540600F194804E
:1078880050F823104E4A5DF8044B0A4042F4004277
:1078980042F0800240F82320002070476ABB50F86D
:1078A8002320520409D550F82310464A0A4042F4CE
:1078B800404242F0800240F8232050F8232054062A
:1078C80009D550F823103F4A0A4042F4004242F0DA
:1078D800C00240F8232050F823103A4A48F28004A6
:1078E8000A4042F4004242F0C00240F8232050F817
:1078F800232035491140324A22E050F82320510410
:1079080009D550F823102F4A0A4042F4404242F069
:10791800800240F8232050F82320520639D448F238
:10792800800450F82310274A0A4042F4404242F0AB
:10793800800240F8232050F8232021491140224A90
:10794800214340F8231050F823100A40224340F8FE
:1079580023205DF8044B0020704750F82320510481
:1079680009D550F82310174A0A4042F4404242F021
:10797800800240F8232050F82310134A5DF8044B86
:107988000A4042F4004242F0800240F823200020DE
:10799800704750F823100B4A0A4042F4004242F064
:1079A800C00240F82320BAE750F82310054A0A40DD
:1079B80042F4004242F0C00240F8232060E700BFD2
:1079C800BF8FFF078F8FFF078FBFFF072DE9F04F8E
:1079D8004B780A7B012B85B05DD0002A32D0CA785B
:1079E800022A00F0A981012A40F0B7808A690C694F
:1079F800A24294BF0025151B8D6188BF2246002B2B
:107A080037D10B78DB0003F1804303F5B2331C68F0
:107A180024F07C441C60002A00F020823E2A00F2F8
:107A2800F5825408D5071A6848BF013442EA8462CF
:107A38001A605A6822F07C425A605A6842EA8462A4
:107A48005A6016E08C690B699C4284BFE21A1C4696
:107A58000B788A61DB0003F1804303F5B2335A687F
:107A680022F07C425A60002C6BD15A6842F00042E6
:107A78005A600A7812B250F82210AC4B0B4083F4CB
:107A8800405343F4004343F0800340F82230002081
:107A980005B0BDE8F08FD1F810C08B694C6963451B
:107AA80028BF6346002A00F003810F78CE78FA00D9
:107AB80002F18042022E0D6A02F5B23251D0ED1A5F
:107AC8000D6250F827509EB203366D064FEA034701
:107AD8004FEA960603F0030340F177815568B1F841
:107AE8000AE0ADB2556055680EF1804E3D430EF583
:107AF800B23E55607546002B40F09C81002E00F088
:107B0800068135462246AEEB040C1768013D42F863
:107B18000C7002F10402F8D1002B00F0F8800EEB93
:107B2800860504EB8604012B227808D0022B6678A0
:107B380018BFA37842EA062218BF42EA03422A6025
:107B4800E5E03E2C00F2358165085A68E40748BF35
:107B5800013542EA85625A608BE7012005B0BDE82D
:107B6800F08F0E89AC4506F1804650F827C006F51F
:107B7800B23680F0FB816E4DB1F80A800CEA05053B
:107B880045F4014545F0800540F827500D6A08F195
:107B98008048A5EB030CC1F820C050F827E09DB23F
:107BA8000335AD081F041EF0400B019508F5B238E7
:107BB8003D46029703F0030900F059815768BFB2A8
:107BC800576057682F435760019DB9F1000F40F087
:107BD8003F82AB464DB3DE46A446019DA8EB040A9E
:107BE800DCF80070BEF1010E4CF80A700CF1040CC0
:107BF800F6D10195B9F1000F15D008EB8B0804EB0D
:107C08008B0BB9F1010F9BF800700AD09BF801C0EB
:107C1800B9F1020F47EA0C271CBF9BF802C047EADC
:107C28000C47C8F80070D1F820C00F691C4467459C
:107C38004C61C0F00A821FFA8CF50335AB0801933A
:107C480000234FEA0C4502950CF003090B621368F8
:107C5800029D9BB2136013682B431360019BB9F11B
:107C6800000F00F0FF81013B019312D0019D2346D4
:107C78002A46A6EB040C1F68013A43F80C7003F17E
:107C88000403F8D1B9F1000F41D006EB850604EBE7
:107C98008504B9F1010F237808D06278B9F1020F91
:107CA80043EA022302D0A27843EA024333602EE07B
:107CB800B1F806E01FFA83FC0EF1804E0CF1030CBC
:107CC8000EF5B23E13F0030875464FEA9C0C40F0DF
:107CD8009880BCF1000F0DD065462246AEEB040734
:107CE8001668013DD65102F10402F9D1B8F1000F2E
:107CF80040F09B800A78D20002F1804202F5B2324D
:107D08001468A4B21460146844EA034313600A7840
:107D1800084B50F822100B4083F0300343F4004323
:107D280043F0800340F82230B1E600BF8FBFFF0761
:107D38008F8FFF07BF8FFF07FBB90B780C69DB003C
:107D480003F1804303F5B2331A6822F07C421A60CB
:107D5800002C76D03E2C00F243811A686508E707AC
:107D680048BF013542EA85621A605A6822F07C42AF
:107D78005A605A6842EA85625A60CB690A78002BD1
:107D88003FF478AE44F2400314B250F8245005EAA8
:107D98000306AB4302D0002E7FF46CAE50F82420CB
:107DA800B44B134043F4004343F0C00340F824307D
:107DB8005FE66509E2065A6808BF05F1FF3542EA41
:107DC800856242F000425A6053E61568B1F808E04F
:107DD800ADB2156015680EF1804E3D430EF5B23E0A
:107DE8001560754653BB002E91D035462246AEEB42
:107DF800040C1768013D42F80C7002F10402F8D136
:107E08008AE6BCF1010C7FF467AFB8F1010F227864
:107E180009D06678B8F1020F18BFA47842EA0622A2
:107E280018BF42EA04422A6064E70EEB8C0504EBB3
:107E38008C04EAE7013E7FF464AE74E6013ED4D1D7
:107E480071E61A6842F000421A605A6822F07C42D1
:107E58005A605A6842F000425A608EE71A6842F047
:107E680000421A605A6822F07C425A60FDE51768A1
:107E7800BFB2176017682F431760019DB9F1000F53
:107E880040F0DD80AA466DB3CDF80CB0D446274645
:107E98009B46019DA6EB040E3B68BCF1010C47F81C
:107EA8000E3007F10407F7D15B460195DDF80CB0F9
:107EB800B9F1000F14D006EB8A0604EB8A0AB9F16F
:107EC800010F9AF800700AD09AF801C0B9F1020FB0
:107ED80047EA0C271CBF9AF802C047EA0C473760EC
:107EE800D1F820C00E691C4466454C61C0F0A480DE
:107EF8001FFA8CF50335AB0801934FEA0C43029344
:107F08000CF003095368C1F820B09BB25360536862
:107F1800029D2B435360019BB9F1000F00F0A6802E
:107F2800013B019312D0019D23462A46A8EB040782
:107F38001E68013ADE5103F10403F9D1B9F1000FCB
:107F48003FF4E5AE08EB850804EB8504B9F1010FB1
:107F5800237808D06278B9F1020F43EA02231CBFE4
:107F6800A27843EA0243C8F80030D0E6424B0CEA54
:107F7800030343F4004343F0800340F827301368B9
:107F88001FFA85FC9BB2136013680CF1030C43EADB
:107F9800054315F0030513604FEA9C0C5ED1BCF154
:107FA800000F3FF4B4AE62462346A6EB040E1F68EA
:107FB800013A43F80E7003F10403F8D1002D3FF4A1
:107FC800A6AE06EB8C0604EB8C04012D23783FF457
:107FD8006DAE6278022D43EA02237FF464AE65E653
:107FE8001A686509E60608BF05F1FF3542EA8562A9
:107FF80042F000421A605A6822F07C425A605A687D
:1080080042EA856242F000425A60B6E65409D20656
:108018001A6808BF04F1FF3442EA846242F0004261
:108028001A605A6822F07C425A605A6842EA8462AE
:1080380042F000425A601CE5ACEB030B62E7B5F175
:10804800010A7FF421AFA24639E7ACEB0303FDE553
:10805800B5F1010B7FF4BFADA346D2E5BCF1010C2D
:10806800A1D1B2E7002B7FF401AE50E6002B7FF4DC
:108078005AAF4CE68F8FFF078F8EFF074B780A7831
:1080880050F822105BB10C4B0B4083F0100343F403
:10809800004343F0800340F8223000207047074B2C
:1080A8000B4083F4805343F4004343F0800340F8CB
:1080B80022300020704700BFBF8FFF078FBFFF0728
:1080C8000B7BA3BB4B780A780BB350F8223010B463
:1080D8005C0609D550F822401B4B234043F400436B
:1080E80043F0C00340F82230CB78012B0BD050F876
:1080F8002210164B0B4083F0200343F4004343F057
:10810800800340F8223000205DF8044B704750F897
:1081180022305B040DD450F822100D4B0B4083F431
:10812800405343F4004343F0800340F822300020DA
:10813800704750F82210044B0B4043F4404343F07F
:10814800800340F82230E6E78F8FFF07BF8FFF07D5
:108158008FBFFF0709B98023C3640020704700BFA1
:1081680003469A6D002042F400429A65704700BFAA
:1081780003469A6D002022F400429A65704700BFBA
:10818800406C704730B502F18044DD1C13F00302E7
:1081980004F5B2344FEA95051FD1EDB10846AC4657
:1081A800A4EB010E0368BCF1010C40F80E3000F19D
:1081B8000400F7D182B104EB850001EB8501012AA7
:1081C8000B7808D0022A4C7818BF8A7843EA04232F
:1081D80018BF43EA0243036030BD013D2046DDD1AC
:1081E800EDE700BF70B502F18046DD1C13F0030413
:1081F8004FEA950506F5B23623D10DB3B446AE461F
:108208008A1A0CEB0200DCF8003000F14040A0F5BF
:10821800B230BEF1010E03600CF1040CF1D17CB157
:1082280006EB850601EB85013368012C0B7007D03E
:10823800022C4FEA132218BF1B0C4A7018BF8B7010
:1082480070BD013DDAD1EFE708B50022174918489B
:1082580000F0D8FA70B91749154800F0E7FA88B95C
:108268001549134800F028FAA0B9114800F0FAFAA5
:10827800B8B908BDF9F7D8F80E490D4800F0D6FA94
:108288000028EDD0F9F7D0F80B49094800F014FAA6
:108298000028EAD0F9F7C8F8054800F0E3FA002802
:1082A800E7D0BDE80840F9F7BFB800BF2C020020AE
:1082B80088160020A0010020E4010020D0F8D43264
:1082C80010B500EB8300D0F8C04284B1D0F8C432B6
:1082D8005BB194F80002FF2807D09B68214694F808
:1082E80001229847FF2384F80032002010BD0320A4
:1082F80010BD00BF03460A2201481A80704700BF1C
:10830800D801002070B5822106460F4800F0F0FB26
:10831800012105460C4800F0EBFB812104460A4880
:1083280000F0E6FB0DB11022AA711CB10021402219
:108338006171227118B100214022417102714323F9
:108348000148338070BD00BF5C01002070B58221F8
:1083580006460F4800F0CCFB012105460C4800F00A
:10836800C7FB812104460A4800F0C2FB0DB1102268
:10837800AA711CB1002102222171627118B1002179
:1083880002220171427143230148338070BD00BF4E
:108398005C01002038B5D0F8D432B03350F82350FF
:1083A8009DB1044601F022F90246D4F8D432D5F83A
:1083B800040204EB8304D4F8C43205F50371DB68C6
:1083C800C5F80C229847002038BD032038BD00BFEF
:1083D80070B5D0F8D442D0F8C86200EB8404D4F861
:1083E800C05235B301F00F0C0CEB8C0E00EB8E0C69
:1083F800DCF814300A466BB90021D4F8C4321B6982
:10840800C5F8141223B1D5F8080205F50471984788
:10841800002070BD06EBCE06766AB3FBF6FE06FBBF
:108428001E33002BE8D11A46CCF8143001F0C6F8F8
:10843800EEE7032070BD00BF002370B582B08DF851
:108448000530ADF80630D0F8D43200EB8303D3F80A
:10845800C06266B191F800C004461CF060020D4687
:108468001ED0202A06D02946204600F0F9FD032018
:1084780002B070BDCA8891F801E07AB31CF0800F91
:108488004CD0D3F8C432314670469B689847EA8886
:108498003146072A28BF0722204600F00BFF22E0BA
:1084A8004B780B2BDFD801A252F823F0FD8400088B
:1084B800EF8400086F8400086F8400086F84000848
:1084C8006F8400086F8400086F8400086F840008B8
:1084D8006F84000811850008F3840008D3F8C432BB
:1084E80070469B6898470020C2E790F89C32032B9F
:1084F800F9D0B8E790F89C32032BB4D102220DF1E1
:10850800060100F0D7FEEEE790F89C32032BAAD1C3
:1085180001220DF1050100F0CDFEE4E7402A28BF55
:108528004022314686F800E286F8012200F0DCFE9F
:10853800D9E700BF38B504460025812100F0FAFFCD
:108548000121204684F8375000F0F4FF82212046AC
:1085580084F8775100F0EEFFD4F8D43284F84B5009
:10856800656404EB8303D3F8C0228AB1D3F8C4321C
:108578005B689847D4F8D432B03354F8230001F03C
:108588003DF8D4F8D432B03344F82350C4F8BC5280
:10859800002038BDF8B504464FF4077001F02AF8FA
:1085A800054600285DD04FF40772002102F093F8C9
:1085B800D4F8D432B03344F82350237CC4F8BC52E6
:1085C800C3B3402302228121204600F0A5FF0121E8
:1085D80040230222204684F8371000F09DFF4FF018
:1085E800100C01270026032208238221C4F844C066
:1085F800204684F8777100F08FFFD4F8D43284F8DD
:108608004B7004EB8303D3F8C432C5F804621B68CB
:108618009847D5F80422C5F81462C5F818622AB339
:10862800237CC3B94FF400733946204600F0D2FFCB
:108638000020F8BD4FF4007302228121204600F08B
:108648006BFF01214FF400730222204684F8371093
:1086580000F062FFC3E740233946204600F0BAFF26
:10866800E6E7D4F8D432B03344F823000220F8BD4A
:1086780070B5822106460F4800F03AFA01210546F6
:108688000C4800F035FA812104460A4800F030FA17
:108698000DB11022AA711CB1002140226171227112
:1086A80018B10021402241710271432301483380EF
:1086B80070BD00BF5C010020034639B1D0F8D42258
:1086C800002003EB8203C3F8C412704703207047ED
:1086D800D0F8D432B03350F823302BB10020C3F88F
:1086E8000812C3F81022704703207047D0F8D4321C
:1086F800B03350F823301BB10020C3F80412704780
:1087080003207047D0F8D43270B5B03350F82350F6
:108718008DB1D5F814420CB1012070BD0126D5F8F1
:108728001032D5F80822C5F814628121836200F05E
:1087380045FF204670BD032070BD00BFD0F8D4228D
:10874800B03250F822208AB108B5037CD2F804224E
:108758002BB14023012100F03DFF002008BD4FF45C
:108768000073012100F036FF002008BD0320704788
:1087780000207047002070470020704770B50C46F5
:10878800094E0146094D3046FFF7B0FF3046FFF766
:10879800D5FF21682846F9F755FB002128462268AD
:1087A80001F099FF002070BD881600206421002088
:1087B80010B5064C002220460549FFF789FF2046E0
:1087C8000449FFF793FF002010BD00BF8816002062
:1087D800641900206421002010B5094CD4F8BC327B
:1087E800D3F814320BB1012010BD0A4601462046C9
:1087F800FFF76EFF2046BDE81040FFF783BF00BFBC
:108808008816002078B10023C0F8B832C0F8C43206
:10881800C0F8D03209B1C0F8B4120123027080F850
:108828009C3200F02DBE0320704700BF002310B516
:1088380082B0ADF8063089B1CB6A0446C0F8B812E8
:1088480023B10DF106009847C4F8D0020020D4F8EF
:10885800D8320133C4F8D83202B010BD032002B0B8
:1088680010BD00BF00F04CBED0F8B8320BB11B6889
:1088780018471846704700BF08B5D0F8B8325B688B
:108888009847002818BF032008BD00BF38B5044624
:1088980000F2AA25284600F0D7FB0122B4F8B0322E
:1088A80094F8AA12C4F8983201F01F039342C4F84E
:1088B800942209D0022B13D063B12046BDE838407A
:1088C80001F0800100F042BE29462046BDE838404C
:1088D80000F0D2BA29462046BDE8384000F024B955
:1088E80029462046BDE8384000F002BB10B50446D2
:1088F80029B9D0F89422032A10D0002010BD90F88E
:108908009C32032BF9D1D0F8B8329B69002BF4D0F4
:10891800BDE810400022C0F8D42218470B46B0F832
:108928006021D0F85811914208D890F89C22032A67
:1089380012D0204600F0F2FC002010BD8B1AD0F8AF
:1089480064119A421144C0F8583138BF1A46C0F829
:10895800641100F0D9FCD0E7D0F8B8221269002AD7
:10896800E7D0C0F8D4329047E3E700BF70B50446BB
:1089780059B9D0F89432022B16D094F8A03213B11A
:10898800002384F8A032002070BD90F89C32032B9D
:10899800F9D1D0F8B8325B69002BF4D0BDE870404B
:1089A8000022C0F8D42218478269038C0D469A42E7
:1089B80010D81DD094F89C32032B2CD0802120464F
:1089C80000F0C4FD204600F0B5FC94F8A032002B5E
:1089D800D9D0D5E7416AD21A19448261416200F0C0
:1089E80079FC2B462A462946204600F0F3FDC4E7C9
:1089F80043699A42DED8D0F898229342DAD20A46DE
:108A080000F068FC2B462A4629462046C4F89852AE
:108A180000F0E0FDB1E7D4F8B832DB68002BCDD028
:108A280000222046C4F8D4229847C7E70021012233
:108A3800F8B5D0F8B83280F89C2204464160C0F8F6
:108A48009412C0F8A41280F8A0121BB15B680BB195
:108A58009847B8B90027402300221D460126114631
:108A6800204600F059FD2B4600228021204684F83C
:108A78006361A4F8605100F04FFD84F82360384624
:108A88002584F8BD0327E6E70346002019747047DC
:108A980090F89C220346042A04D090F89C22D2B273
:108AA80080F89D220422002083F89C22704700BF92
:108AB80090F89C32042B04D190F89D32DBB280F8F8
:108AC8009C320020704700BF90F89C22032A01D0F6
:108AD8000020704708B5D0F8B83213B1DB6903B18C
:108AE8009847002008BD00BF00207047002070474D
:108AF80000B50278B0F802E0964511D9134602E0B5
:108B08009E450DD90278104490F801C01344BCF179
:108B1800050F9BB2F4D182788A42F1D15DF804FB4B
:108B280000205DF804FB00BF70B50B780D4603F01C
:108B38006003202B044682B00ED0402B0CD0BBB172
:108B48008021204600F002FD0021204600F0FEFCB6
:108B58000025284602B070BD29462046D4F8D432F4
:108B6800AE3354F823309B6802B0BDE87040184714
:108B78004B78092BE4D801A252F823F0E58B0008C2
:108B88000D8C0008498B00082B8C0008498B0008C5
:108B9800438C0008838C0008498B0008B98C0008B6
:108BA800AD8B00088978B34D0129297000F24881FE
:108BB80090F89C32022BDEB200F02F81032E00F0D9
:108BC8000C81802100F0C2FC0021204600F0BEFC90
:108BD80020462978FFF750FE0325BAE790F89C3223
:108BE800013B022BACD8CA88022AA9D1D0F8A432FA
:108BF8000146002B0CBF0123032341F80C3F00F072
:108C080059FBA5E790F89C32013B022B98D84B887A
:108C1800012B9DD100232046C4F8A43200F07EFB2E
:108C280096E74B88012BF6D0022B89D18B881B0A3B
:108C380080F8A03200F072FB8AE78B88002B7FF463
:108C48007FAFCB88002B7FF47BAF4D887F2D3FF61D
:108C580077AF90F89C32032B3FF472AFE9B280F8FB
:108C68009E1200F09FFC204600F058FB002D00F0FB
:108C7800FD80022384F89C326AE700216A88ADF8F7
:108C88000610130A013B062B3FF65AAF01A151F813
:108C980023F000BF4D8D0008338D00085D8D00085E
:108CA800498B0008498B00081D8D0008E18C0008DD
:108CB800CA88012A7FF444AF90F89C120229CBB2EB
:108CC80000F28480002B3FF43BAF0146002341F8BB
:108CD800083F00F0EFFA3BE7037C002B7FF430AF4E
:108CE800D0F8B8320DF106001B6B98470723437084
:108CF800EB88002B66D0BDF80620002A3FF420AF91
:108D08009A4228BF1A4601462046ADF8062000F0D0
:108D1800D1FA1DE7037C002B7FF412AFD0F8B832EC
:108D28000DF106005B6B9847E2E7027CD0F8B83299
:108D3800002A40F08D809B6A0DF1060098470223B7
:108D48004370D5E7D0F8B4320DF106011B68007CFA
:108D58009847CDE7D2B2052A3FF6F2AEDFE802F037
:108D680026201A140E03D0F8B4329B69002B3FF466
:108D7800E7AE207C0DF106019847B9E7D0F8B43288
:108D88005B69002BF5D1DBE6D0F8B4321B69002B08
:108D9800EFD1D5E6D0F8B432DB68002BE9D1CFE6C5
:108DA800D0F8B4329B68002BE3D1C9E6D0F8B432CE
:108DB8005B68002BDDD1C3E60223416080F89C325A
:108DC800FFF75AFD204600F0A9FAC1E6032B7FF40D
:108DD800B7AE011D00F06EFABAE60029ECD0416882
:108DE8000129EFD0C9B2FFF747FD29782046616015
:108DF800FFF73AFD05460028E4D08021204600F020
:108E0800A5FB0021204600F0A1FB20462179FFF7B1
:108E180033FD022384F89C329BE60029D2D001213D
:108E28004160FFF721FD0546C8B18021204600F0CA
:108E38008DFB0021204600F089FB84F89C6288E6BF
:108E4800802100F083FB0021204600F07FFBC3E671
:108E5800DB6A0DF1060098470223437048E7204675
:108E680000F05CFA032384F89C3271E6012384F84D
:108E78009C326DE66429002038B50B780D465A06F9
:108E880004460CD503F06002402A08D0802100F087
:108E98005DFB0021204600F059FB002038BD94F806
:108EA8009C32013B022B02D82979012908D980215B
:108EB800204600F04BFB0021204600F047FBECE782
:108EC8002046FFF711FE88B9D4F8B8329B686BB119
:108ED800C4F8D402294620469847EA88002ADDD1FA
:108EE8000028DBD1204600F019FAD6E7032038BD68
:108EF80070B50C4623788A8803F06003202B05465A
:108F080082B0D1B21ED0402B1CD06BB38021284632
:108F180000F01CFB0021284600F018FB002002B0DE
:108F280070BD90F89C32022BDAB25ED0032AEDD1E4
:108F38006388002BF2D14E067DD12846019100F0BE
:108F4800EDF901992846FFF7D1FD0028E6D1D5F8BB
:108F5800B832C5F8D4029B68002BDFD021462846DA
:108F680002B0BDE8704018476678012ED9D0032EAC
:108F78002AD0002ECAD190F89C32022BD8B23DD00C
:108F88000328C3D101F00F0303EB8303120605EB9B
:108F9800830343D493F86331002BB7D0142401F032
:108FA8007F0304FB035404F5AA742BB1284600F090
:108FB800E5FA002818BF012621460222284601F8B2
:108FC8000E6F00F077F9A9E790F89C32022BDAB21D
:108FD8000BD0032A9AD163881BB94A0601D0E388CB
:108FE80073B3284600F09AF998E74B068ED000F044
:108FF800ADFA8021284600F0A9FA8FE7480685D106
:10900800002311064CBF05F1140105F5AA710222CF
:10901800284601F80E3F00F04DF97FE793F823301A
:10902800002B3FF473AF01F07F035C1C04EB840456
:1090380005EB8404B9E7019100F094FA01997CE703
:1090480000F084FACDE700BF0B7803704B784370CB
:109058004B8843808B888380CB88C380704700BF50
:1090680010B50446802100F071FA2046BDE8104092
:10907800002100F06BBA00BF48B370B5037805460D
:109088000E46144623B30130F7F702F9431CDBB24E
:109098000133642B4FEA430215D9C823194603222A
:1090A8002180337072702C7864B128460223002125
:1090B8005A1CD2B2F454B15410F8014F0233DBB247
:1090C800002CF5D170BD91B202F0FE03E7E77047BE
:1090D80002231946E3E700BF122301480B807047BB
:1090E80018020020042301480B8070471402002056
:1090F80010B5044C0A4604482146FFF7BDFF204638
:1091080010BD00BF68290020C8DE000810B5044C57
:109118000A4604482146FFF7AFFF204610BD00BFAE
:1091280068290020DCDE000810B5044C0A46044813
:109138002146FFF7A1FF204610BD00BF6829002087
:10914800F4DE000810B5044C0A4604482146FFF72F
:1091580093FF204610BD00BF6829002000DF0008EB
:109168004FF01A0C514AD2F80038D2F80808A1F882
:1091780000C01B1801D14E487047D2F80418180FC8
:109188004B4AB3F1204F2CBF37303030C3F3036C58
:1091980000B590706046BCF1090F8CBF3730303095
:1091A800C3F3035C10716046BCF1090F8CBF373004
:1091B8003030C3F3034C90716046BCF1090F8CBF8B
:1091C80037303030C3F3033C10726046BCF1090FEE
:1091D8008CBF37303030C3F3032C907260464FF0A9
:1091E800000EBCF1090F8CBF37303030C3F3031CBD
:1091F8001073604682F803E04FF0000EBCF1090FCF
:109208008CBF37303030907303F00F0003460928C5
:109218004FF000004FF0000C82F805E04FF0000E10
:1092280094BF303337331374B1F1204F4FEA1173C1
:109238002CBF373330335074C1F303609374034643
:1092480082F807E082F80FC04FF0000E4FF0000CD4
:1092580009288CBF37333033C1F3035013750346E5
:1092680082F809E082F813C04FF0000E4FF0000CAE
:1092780009288CBF37333033C1F303409375034655
:10928800002182F80BE082F815C04FF0000E4FF075
:10929800000C092894BF3033373382F80DE082F888
:1092A80017C01376517602485DF804FB00F0FF08FA
:1092B800F801002010B513468E460224002172469C
:1092C800C0E90533C0F89442C0F824E000F076F90C
:1092D800002010BD8C4608B500211346624600F0F8
:1092E8006DF9002008BD00BF10B513468E46032453
:1092F80000217246C0E95533C0F89442C0F864E1D1
:1093080000F068F9002010BD8C4608B5002113460E
:10931800624600F05FF9002008BD00BF002310B5C9
:1093280004241A461946C0F8944200F047F9002070
:1093380010BD00BF002310B505241A461946C0F811
:10934800944200F047F9002010BD00BF0000000063
:1093580010B50446B6B0D022002102A801F0BBF92E
:10936800174B22689A4201D036B010BD9FED127B90
:10937800302302A88DED027B3393FDF749F8C0B97D
:10938800FCF7FCF90F4B0022D3F8A4104A2041F057
:109398008071C3F8A410D3F8A430032103F08073BC
:1093A8000193019BF9F7A2FA4A20F9F7DBFA36B0E4
:1093B80010BDF8F739F8E3E70000000010000000DE
:1093C80000600140000C02440146D0F8E00201F5BB
:1093D8002771FFF75BBA00BF01EB810300EBC30302
:1093E800D3F86821D0F8E002FFF780BA01EB8103D7
:1093F80000EBC3039A6AD0F8E002FFF7B7BA00BFE0
:10940800D0F8E002FFF760BB10B5C3790446022B21
:1094180001D0F8F709F8D4F8E0020121FFF734FB8E
:10942800D4F8E002BDE81040FFF700BB10B50446D1
:10943800D0F8E002FFF72CFBE37A2BB1D4F8E03246
:1094480093F89D32032B00D010BD054B1A6922F00A
:1094580004021A611A6942F002021A6110BD00BFC3
:1094680000ED00E0C37A23B1044A136923F0060330
:109478001361D0F8E002FFF71BBB00BF00ED00E06E
:10948800082208B51C4B02211A7102464FF0000C45
:10949800D971C3F809101949C3F8E0221846C2F86F
:1094A800C832C3F80DC01960FBF792F900BB00225F
:1094B800142311461048FCF72DF95423002280216B
:1094C8000D48FCF727F99423002281210A48FCF76C
:1094D80021F9D423002201210748FCF71BF94FF496
:1094E8008A73002282210448FCF714F9002008BD81
:1094F800F7F79AFFDBE700BFA406002000600140F1
:1095080008B5D0F8C802FBF769FA18B102280CBFF1
:109518000120032008BD00BF944608B51A46D0F8BC
:10952800C8026346FBF7BEFF18B102280CBF012032
:10953800032008BD08B5D0F8C802FBF7F1FF18B141
:1095480002280CBF0120032008BD00BF08B5D0F8D1
:10955800C802FCF761F818B102280CBF01200320EB
:1095680008BD00BF08B5D0F8C802FCF793F818B1D9
:1095780002280CBF0120032008BD00BF0A06D0F84E
:10958800C83206D401EB810103EBC10393F85601FD
:10959800704701F07F0101EB810103EBC103987D66
:1095A800704700BF08B5D0F8C802FBF767FF18B1CD
:1095B80002280CBF0120032008BD00BF08B5D0F861
:1095C800C802FCF70BF818B102280CBF01200320D1
:1095D80008BD00BF08B5D0F8C802FBF7DBFF18B11B
:1095E80002280CBF0120032008BD00BFD0F8C80224
:1095F800FBF7EABF00487047302A0020704700BFD9
:109608002DE9F0433C4C864622780846A2B14FF635
:10961800FF72BEF1000F0CD058B1384970441EF8E3
:10962800013B5340DBB231F81330864583EA1222FE
:10963800F5D11046BDE8F0834AF2010C30494CE000
:109648004FF420534FF4F0484FF201094FF4A0476C
:109658004AF2010686EA550606F00106002E1CBFEE
:109668004F46434687EA9507FE0744BF83EA0C0343
:109678009BB283EAD506F707C3F34F0348BF83EAD3
:109688000C0383EA1516F6074FEA530344BF83EA2F
:109698000C039BB283EA5516F7074FEA530344BFFE
:1096A80083EA0C039BB283EA9516F6074FEA530345
:1096B80044BF83EA0C039BB283EAD515ED074FEA52
:1096C800530348BF83EA0C0302F1010248BF9BB26F
:1096D800B2F5807F21F8023F0AD012F0010695B258
:1096E800AED1334637464FF4A0484AF20109B1E7F4
:1096F800012323708BE700BF502E0020502C002040
:109708004E2C002038B50B4615465400014622461B
:10971800184601F06EF87DB10146431C221891F8F5
:1097280001C013F8010C0231914203F801CC01F891
:10973800010C03F10203F2D138BD00BF30B5144665
:10974800CDB04FF49672054601A801F052F86200B8
:109758007CB102F598710DEB010E01ABAEF5967E6A
:1097680093F800C0597883F801C019700233734523
:10977800F6D1284601A901F03CF84DB030BD00BF34
:109788002DE9FF4757EC106B002F0C4619463B4656
:10979800B4BF07F1004300239146BFBF32461F46BE
:1097A8002D231646DDF830A00B700D9B23F0200802
:1097B800B8F1460F05D0B8F1450F00D101340221A8
:1097C80000E0032103AB2246019302AB47EC106B88
:1097D8000093534601F0B0F8B8F1470F054619D188
:1097E80019F0010F0ED000EB0409002200233046C7
:1097F8003946F7F779F908B1CDF80C903022039B78
:109808004B451ED3039B28460E9A5B1B136004B07E
:10981800BDE8F087B8F1460F00EB0409E5D10378FD
:10982800302B0AD10022002330463946F7F75CF97D
:1098380018B9C4F10104CAF80040DAF800309944B4
:10984800D3E7591C03911A70D9E7F7B500290270BC
:10985800BABF49422D232B230929437028DD0DF176
:1098680007030A271D461A46013BB1FBF7F607FB1B
:109878001614303402F8014C0C463146632CF2DCE5
:109888003031941E03F8011C411C2346AB420AD315
:109898000DF109039B1AAC4288BF0023023303442D
:1098A800181A03B0F0BD13F8016B01F8016FEDE76A
:1098B800302330318370031DC170F1E72DE9F04F7B
:1098C8008DB00C4616461F46DDF85880054600F058
:1098D8000BFF036818460493F6F7DAFC002305909B
:1098E8000A93D8F8003094F818A00733D4F800B0D9
:1098F80023F0070303F10802C8F800204FF0FF32F5
:10990800D3E9008929F00043CDF8188007939D4BCF
:10991800DDE90601C4E91289F7F718F970BB4FF0C1
:10992800FF32984BDDE90601F7F7F2F830BB002269
:10993800002340464946F7F7E1F810B12D2384F893
:109948004330914A914BBAF1470F94BF90469846DD
:1099580003234FF0000923612BF0040323603346EF
:109968000BAA21462846009700F0D2F9013040F0B2
:109978008D804FF0FF300DB0BDE8F08F42464B466A
:1099880040464946F7F7E2F840B14B46804A002B7B
:10999800BCBF2D2384F843307E4BD4E70AF0DF02A6
:1099A800636806925A1C3BD1062363604BF48062BD
:1099B80000232846226003930AABCDE901A309AB33
:1099C80049EC108B00930DF123036168FFF7D8FE73
:1099D800069B80460999472B29D1C81C02DB63687E
:1099E800994241DDAAF1020A5FFA8AFA0139524620
:1099F80004F150000991FFF728FF0A9A81461318CD
:109A0800012A236102DC2268D20701D501332361D0
:109A18009DF82330002BA2D02D2384F843309EE7F5
:109A2800069A472AC2D1002BC0D10123BDE7BAF15B
:109A3800650FDBD9BAF1660F18D1002963680BDD11
:109A4800216113B92268D00702D501330B44236181
:109A58004FF00009A165DBE713B92268D20701D5E9
:109A68000233F4E70123F2E74FF0670A0A9B9942B1
:109A780005DB23682161D807EAD54B1CE7E70029F5
:109A8800D4BFC1F1020201221344E0E723685A055A
:109A980007D42369424631462846B84701302BD1BE
:109AA80067E7BAF1650F40F2DD8000220023D4E9B0
:109AB8001201F7F719F8002833D00123364A314646
:109AC8002846B84701303FF454AFDDE9093843452B
:109AD80002DB2368D8070FD531462846DDE9042381
:109AE800B84701303FF445AF4FF0000908F1FF389F
:109AF80004F11A0AC84509DC23689B0700F10381B1
:109B0800E0680B9B9842B8BF184634E701235246D9
:109B180031462846B84701303FF42BAF09F1010917
:109B2800E8E7099B002B39DC01231B4A314628460C
:109B3800B84701303FF41DAFDDE9093959EA03039D
:109B480002D12368D907D7D531462846DDE9042351
:109B5800B84701303FF40DAF4FF0000A04F11A0B7B
:109B6800099B5B42534501DC4B4693E701235A4668
:109B780031462846B84701303FF4FBAE0AF1010AE6
:109B8800EEE700BFFFFFEF7F0EDF000812DF0008DF
:109B980016DF00081ADF00081EDF0008A36DDDF8D5
:109BA80028A05345A8BF5346002B994636DC4FF0F2
:109BB800000B29EAE97904F11A02A36D0693A3EBD5
:109BC80009035B4531DC099B9A453ADC2368DA07CF
:109BD80037D4099BAAEB0309069BAAEB0303994513
:109BE800A8BF9946B9F1000F33DC4FF0000829EA05
:109BF800E97904F11A0B099BAAEB0303A3EB090308
:109C080043457FF779AF01235A4631462846B8477E
:109C180001303FF4AEAE08F10108ECE742463146A8
:109C28002846B8470130C2D1A3E601233146284669
:109C38000692B84701303FF49CAE0BF1010B069A2F
:109C4800BBE7DDE9042331462846B8470130C0D1D7
:109C58008FE6069A4B46314628464244B8470130BB
:109C6800C3D186E6DDF828A0BAF1010F01DCDB07D5
:109C780036D50123424631462846B84701303FF4DD
:109C880078AE31462846DDE90423B84701303FF471
:109C980070AE002200230AF1FF3AD4E91201F6F768
:109CA80023FFC0B9534608F1010231462846B84798
:109CB80001300CD15DE601235A4631462846B847A3
:109CC80001303FF456AE08F10108D045F3DB4B46AE
:109CD80004F15002DFE64FF0000804F11A0BF4E734
:109CE80001234246E1E701234A4631462846B84760
:109CF80001303FF43EAE08F10108E3680B995B1AA6
:109D08004345F0DCFCE64FF0000804F11909F4E7DC
:109D18002DE9F047164698468A6807460B690C46AF
:109D2800DDF820909342B8BF1346336091F8432082
:109D38000AB1013333602368990642BF336802339E
:109D48003360256815F0060506D104F1190AE368A1
:109D580032689B1AAB422BDC94F843302268003BF4
:109D680018BF0123920630D404F143024146384615
:109D7800C847013023D023681A3454F80A2C03F05A
:109D88000603042B0ABF54F80E5C002533684FF015
:109D9800000608BFED1A54F8123C08BF25EAE5751D
:109DA8009342C4BF9B1AED18B5421AD1002008E0AF
:109DB8000123524641463846C847013003D14FF087
:109DC800FF30BDE8F0870135C1E7E1185A1C3020A3
:109DD8000233224481F8430094F8451082F8431076
:109DE800C2E70123224641463846C8470130E6D03B
:109DF8000136D9E72DE9FF470F7E914680460C468C
:109E0800782F9A460C9E01F1430207D8622F0AD890
:109E1800002F00F0D280582F00F0B98004F14206DC
:109E280084F842703AE0A7F16303152BF6D801A134
:109E380051F823F0959E0008A99E0008259E000869
:109E4800259E0008259E0008259E0008A99E00085A
:109E5800259E0008259E0008259E0008259E0008CE
:109E6800A99F0008D39E0008639F0008259E00084C
:109E7800259E0008CB9F0008259E0008D39E000859
:109E8800259E0008259E00086B9F000833681A1D50
:109E98001B68326004F1420684F8423001239DE0D9
:109EA80033682068191D3160060601D51D6803E076
:109EB8004506FBD5B3F90050002D03DA2D236D427A
:109EC80084F8433059480A2311E0216833680806AA
:109ED80053F8045B02D4490648BFADB26F2F336014
:109EE800524814BF0A230823002184F843106668E7
:109EF800002EA660A2BF216821F0040121600DB9DF
:109F0800002E4BD01646B5FBF3F103FB1157C75D86
:109F180006F8017D2F460D46BB42F4D9082B0BD11C
:109F28002368DF0708D5236961689942DEBF3023BB
:109F380006F8013C06F1FF36921B22614B4603AA44
:109F480021464046CDF800A0FFF7E2FE01304AD195
:109F58004FF0FF3004B0BDE8F087236843F02003DA
:109F6800236078273248236884F845701F063168D3
:109F780051F8045B02D45F0648BFADB23160D9071F
:109F880044BF43F0200323601DB11023ACE72748EA
:109F9800E9E7236823F020032360F6E71646BDE7C8
:109FA80033682568181D616930602E061B6801D565
:109FB800196002E06806FBD5198000231646236164
:109FC800BCE7336800211A1D32601E68626830469B
:109FD80000F001FC08B1801B606063682361002306
:109FE80084F84330AAE72369324649464046D047B9
:109FF8000130ADD023689B0713D4E068039B9842D7
:10A00800B8BF1846A6E70123324649464046D0471E
:10A0180001309DD00135E36803995B1AAB42F2DC4D
:10A02800EBE7002504F11906F5E700BF20DF00087B
:10A0380031DF00082DE9F04F87B0174680460C46FF
:10A0480003938B685A1EB2F5AE7F0A4689BF6FF438
:10A05800AE754FF0000B03EB050B40F25D134FF0AC
:10A06800000588BF8B600B68AA46A946029543F491
:10A07800F06342F81C3B16460192CDE90455A268EC
:10A0880052B13B681B784E2B64D8402B3CD8A3F1C7
:10A098002B01C8B20E283AD9B9F1000F03D02368B2
:10A0A80023F4807323600AF1FF3ABAF1010F00F23A
:10A0B8001781019B9E4200F20881012007B0BDE88C
:10A0C800F08FA3F161020D2AE6D801A151F822F020
:10A0D8001FA20008A1A00008A1A00008A1A00008D4
:10A0E8007FA2000857A20008A1A00008A1A00008AC
:10A0F8002DA20008A1A00008A1A00008A1A00008A6
:10A10800A1A00008E5A10008A3F14102DBE70E29A0
:10A11800C2D801A050F821F0D5A10008A1A00008DC
:10A12800D5A100086BA20008A1A000087DA1000825
:10A13800BBA10008BBA10008BBA10008BBA1000887
:10A14800BBA10008BBA10008BBA10008BBA1000877
:10A15800BBA100086E2B09D8602BB2D8542B7BD03A
:10A16800592B99D1072D97D108252CE0742B73D042
:10A17800792BF6E72168C8051BD521F0800109F184
:10A1880001092160BBF1000F03D001320BF1FF3B45
:10A19800A260A368013BA3602369013323617B6844
:10A1A800013B002B7B6040F387803B6801333B60B9
:10A1B80065E71AEB05017FF46FAF22680D468A4602
:10A1C80022F4C072226006F8013BE2E7226810061A
:10A1D8007FF562AF22F080022260F4E7BAF1000F47
:10A1E8000ED1B9F1000F0ED1226802F4E061B1F589
:10A1F800E06F08D122F4F0624FF0010A2260E2E732
:10A20800BAF1020F55D0012D02D0042D7FF444AFCE
:10A218000135EDB2D7E7BAF1010F7FF43DAF4FF04A
:10A22800020AD0E77DB9B9F1000F7FF438AF226890
:10A2380002F4E061B1F5E06F40F0078122F4F062CA
:10A2480001252260BFE7032DE2D0052DDEE7022DB0
:10A258007FF422AF0325B6E7062D7FF41DAF07254F
:10A26800B1E7226891057FF517AF22F42072CDF887
:10A2780008902260A7E7226802F4A061B1F5806F18
:10A2880006D050057FF508AFB9F1000F00F0DD806A
:10A29800910522F4F06258BF029942F4C07258BF87
:10A2A800A9EB010122604FF0000958BFCDE904165F
:10A2B80089E74FF0030A86E7D4F8803139464046EB
:10A2C800984700283FF4DBAEE6E6D4F87C313A46FE
:10A2D80016F8011D404698472369013B2361E8E6CB
:10A2E8006B1E062B24D8022D36D8019B9E427FF682
:10A2F800E4AED4F87C313A4616F8011D404698473A
:10A308002369013B2361F0E7D4F87C313A461BF816
:10A31800011D404698472369013B23610AF1FF3A32
:10A328005FFA8AFABAF1020FEED1033DEDB2761B5D
:10A338002368DA052FD55B0511D5019B9E427FF670
:10A34800BCAED4F87C313A4616F8011D4046984711
:10A358002369013B2361F0E7AA46B346DEE716F816
:10A36800011C751E2369652903F1FF3323610CD095
:10A3780045290AD0D4F87C313A464046B51E98475C
:10A38800236916F8021C013B23612E46D4F87C3160
:10A398003A4640469847226812F0100201D0002041
:10A3A8008CE63270236803F4C063B3F5806F1CD168
:10A3B800029B4B45A3EB090223D100220199404699
:10A3C80002F03EFC2168039B11F0020F1B6857EC5A
:10A3D800106B03F104021FD003990A601B68C3E9DC
:10A3E8000067E3680133E360D9E7049B002BE4D0FE
:10A3F80005990A234046013102F0A2FC049B059E00
:10A40800C21A04F26F1312499E4228BF04F5B776A8
:10A41800304600F0E3F8D0E711F0040F03990A6022
:10A42800DCD11D6832463B4630463946F6F78EFB8E
:10A4380028B1084800F0EAF985ED000AD1E730466E
:10A448003946F6F7E1FB2860CBE74FF000092AE62A
:10A4580042DF0008DDE20008002310B504468360EF
:10A46800818119464366C28108228361C0E90033AD
:10A47800C0E904335C3000F02EF90D4B24626362AE
:10A488000C4BA3620C4BE3620C4B23630C4B9C42BA
:10A4980006D003F16802944202D0D0339C4205D121
:10A4A80004F15800BDE8104000F092B910BD00BF9B
:10A4B80025A6000847A600087FA60008A3A600084E
:10A4C800542E0020024A0349034800F069B800BF2F
:10A4D8004802002005D100085802002041680C4BB2
:10A4E800994210B5044601D002F008FEA168094B54
:10A4F800994202D0204602F001FEE168064B9942DB
:10A5080004D02046BDE8104002F0F8BD10BD00BFE1
:10A51800542E0020BC2E0020242F002010B50B4BF9
:10A5280004210B4C0B4A20461A600022FFF794FFC7
:10A5380004F1680001220921FFF78EFF04F1D00021
:10A5480002221221BDE81040FFF786BF8C2F0020A1
:10A55800542E0020CDA40008014800F03AB900BFED
:10A56800952F0020014800F035B900BF952F002035
:10A5780010B50446FFF7F0FF236A1BB1BDE8104091
:10A58800FFF7F0BF044B2362044B1B68002BF5D187
:10A59800FFF7C4FFF2E700BFE5A400088C2F0020F6
:10A5A8002DE9F8430746884614460026D4E9019564
:10A5B800B9F1010905D52468002CF7D13046BDE86A
:10A5C800F883AB89012B07D9B5F90E30013303D0D5
:10A5D80029463846C04706436835E9E70EB400B552
:10A5E8009CB06FF000411DAB02900690079104915A
:10A5F8000848094953F8042B059102A900680193FA
:10A6080002F0FCFB029B00221A701CB05DF804EB00
:10A6180003B07047540200200802FFFF10B50C4633
:10A62800B1F90E1000F086F80028ABBF636DA3895E
:10A638001B1823F48053ACBF6365A38110BD2DE9BB
:10A64800F0411F468B8905460C46DB05164605D5A5
:10A6580002230022B1F90E1000F05AF8A3893246FD
:10A66800B4F90E10284623F48053A3813B46BDE875
:10A67800F04100F071B810B50C46B1F90E1000F0B9
:10A6880047F8431CA38915BF606523F4805343F43E
:10A698008053A38118BFA38110BDB1F90E1000F03B
:10A6A80027B8884210B501EB020402D98442234638
:10A6B80007D8431EA14208D011F8012B03F8012F37
:10A6C800F8E7024401468A4200D110BD13F8014D53
:10A6D80002F8014DF7E702440346934200D1704760
:10A6E80003F8011BF9E700000048704794030020B5
:10A6F80038B50023054D044608462B60F6F706FFDB
:10A70800431C02D12B6803B1236038BD902F002071
:10A7180038B50446064D0846114600222A601A46F6
:10A72800F6F700FF431C02D12B6803B1236038BD44
:10A73800902F002038B50446064D084611460022E1
:10A748002A601A46F6F7C6FE431C02D12B6803B1ED
:10A75800236038BD902F002038B50446064D0846C2
:10A76800114600222A601A46F6F7C2FE431C02D19F
:10A778002B6803B1236038BD902F0020014B186867
:10A78800704700BF5402002070B50D4D00260D4CD7
:10A79800641BA410A64209D10B4D00260B4C03F0F4
:10A7A80071FB641BA410A64205D170BD55F8043B8B
:10A7B80001369847EEE755F8043B01369847F2E72B
:10A7C80048E3000848E3000848E300084CE30008B1
:10A7D800704770477047C9B20346024410B59342A8
:10A7E800184601D1002003E0047801338C42F6D1E9
:10A7F80010BD0A44431E914200D1704710B511F8AC
:10A80800014B914203F8014FF9D110BD9FED010AA8
:10A81800704700BF0000C07F2DE9F74F0369074666
:10A828000C69A342C0F28380013C00F1140501F1D8
:10A838001408A30055F8242008EB8409009305EBBD
:10A848008403019358F8243001339A42B2FBF3F69B
:10A8580031D34FF0000AC446AE46D3465CF8043BF9
:10A8680098B2E1454FEA134306FB00A04FEA1042B5
:10A8780080B206FB0323DEF8002092B24FEA134AA7
:10A88800A2EB00029BB2DEF800005A44C3EB22435D
:10A8980092B203EB104342EA03424FEA234B4EF8CD
:10A8A800042BDBD2009BEB582BB9019B043B9D4248
:10A8B8001A4630D33C61384601F0C8F9002826DB37
:10A8C8002946002058F8042BD1F800C01FFA82FE50
:10A8D800C1451FFA8CF34FEA1242A3EB0E0303445F
:10A8E800C2EB23429BB202EB1C4243EA02434FEA0B
:10A8F800224041F8043BE5D255F8242005EB8403B7
:10A9080022B9043B9D421A460BD33C6101363046BE
:10A9180003B0BDE8F08F1268043B002ACAD1013C9D
:10A92800C5E71268043B002AEFD1013CEAE70020A2
:10A93800EEE70000000000002DE9F04FC76999B06C
:10A948008346229E09910E92139355EC104B8DED80
:10A95800020B7FB9102000F0FDFD0246CBF81C0069
:10A9680020B9A74BEF21A74802F01AFCC0E90177EC
:10A978000760C760DBF81C30196859B15A680123B1
:10A98800584693404A608B6000F0DAFEDBF81C30D2
:10A9980000221A602B1EB7BF23F0004300230122B8
:10A9A8000393A8BF3360039F974BB8BF3260BB4384
:10A9B80012D142F20F73139A1360C7F313032343A0
:10A9C80000F04C85239BDFF854A2002B00F04E8545
:10A9D8000AF1030300F048BD9DED027B002200232D
:10A9E80051EC170B8DED0C7BF6F77EF8804658B1CD
:10A9F8000123139A1360239B13B1844B239A13608A
:10AA0800DFF81CA200F032BDC7F30A5616AA17A930
:10AA180058469DED0C0B01F041FA8146002E75D089
:10AA28000D9BA6F2FF36CDF85080C3F3130343F015
:10AA38007F53DDE90C0143F4401319460022744B9F
:10AA4800F5F732FC68A3D3E90023F5F7E5FD68A321
:10AA5800D3E90023F5F72AFC04460D463046F5F7FE
:10AA680071FD65A3D3E90023F5F7D6FD02460B4631
:10AA780020462946F5F71AFC04460D46F6F77CF8F9
:10AA880000220746002320462946F6F737F840B14A
:10AA98003846F5F757FD22462B46F6F725F800B954
:10AAA800013F162F51D85B4B03EBC703DDE90C01BF
:10AAB800D3E90023F6F722F8002848D0013F002305
:10AAC8001293169B9B1B5A1E46BFC3F10108002315
:10AAD8004FF00008089248BF0893002F39DB089B05
:10AAE8000F973B44089300230A93099B092B64D8CA
:10AAF800052BC5BF043B002401240993099B023B95
:10AB0800032B65D8DFE803F02C393757DDE91663E6
:10AB18001E4406F23243202BC9BFC3F14003C3F1E0
:10AB280020039F4006F21243D8BF04FA03F006F14F
:10AB3800FF36C4BF24FA03F347EA0300F5F7F2FC33
:10AB48000122A1F1F873149277E70123B8E7129074
:10AB5800B7E77B42A8EB07080A9300230F93C4E7E3
:10AB680000230B930E9B002B35DC01231A46009320
:10AB780007930E920BE00123F3E700230B930E9B40
:10AB8800FB1800930133012B0793B8BF0123DBF8AF
:10AB98001C000021042202F114059D421FD94160C6
:10ABA800584600F08DFD824600283BD11A4B0246DC
:10ABB80040F2AF11D7E60123E0E7012400230B940C
:10ABC80009934FF0FF330022009307931223D0E735
:10ABD80001230B93F5E70E9B00930793D7E7013109
:10ABE8005200D8E7AFF3008061436F63A787D23F75
:10ABF800B3C8608B288AC63FFB799F501344D33F64
:10AC080054DF00086BDF00080000F07F1FDF00083A
:10AC18000000F83F68E00008C3DF000850DF0008C4
:10AC28001EDF0008DBF81C301860079B0E2B00F2B3
:10AC3800A480002C00F0A180002F33DD07F00F0264
:10AC4800AC4BF8054FEA271403EBC20393ED007BE6
:10AC58008DED047B16D5A84B04F00F040326D3E929
:10AC68000823DDE90C01F5F701FECDE90201A24D4B
:10AC780054B9DDE90423DDE90201F5F7F7FDCDE973
:10AC8800020128E00226F2E7E10708D50136DDE9EE
:10AC98000401D5E90023F5F7BFFCCDE904016410F0
:10ACA8000835E5E700F0D2807C42924B924D0226AF
:10ACB80004F00F02241103EBC203DDE90C01D3E910
:10ACC8000023F5F7A9FC0023CDE90201002C40F090
:10ACD800B280002BD3D1129BDDE90245002B00F096
:10ACE800B7800022854B20462946F5F707FF002844
:10ACF80000F0AE80079B002B00F0AA80009B002B81
:10AD080037DD7B1E204600222946049301367C4B02
:10AD1800F5F782FC009CCDE902013046F5F712FCFC
:10AD2800DDE90223F5F778FC0022764BF5F7BEFA49
:10AD38000546A1F15076002C40F08D800022724B20
:10AD4800DDE90201F5F7B0FA02460B46CDE9022328
:10AD58002A463346F5F7F0FE002840F08B822A4653
:10AD680006F10043DDE90201F5F7C8FE002840F0CE
:10AD78002881DDE90C34CDE90234179B002BC0F2A1
:10AD88005A810E2F00F357815A4B03EBC70393EDFB
:10AD9800007B0E9B002B8DED007B03DA079B002BBD
:10ADA80040F301815646DDE90245DDE900232046EE
:10ADB8002946F5F75BFDF5F7DFFE8046F5F7C2FBA0
:10ADC800DDE90023F5F728FC0246204608F13004A7
:10ADD8000B462946F5F768FA079D06F8014BA6EBDE
:10ADE8000A0402460B46A54240F01781F5F75EFAC1
:10ADF80004460D46DDE90023F5F79EFE002840F0E5
:10AE0800F98020462946DDE90023F5F76DFE18B1E3
:10AE180018F0010F40F0EE804946584600F090FCCB
:10AE2800002301373370139B1F60239B002B00F016
:10AE38001D831E601AE3E20705D50136D5E9002314
:10AE4800F5F7EAFB0123641008353FE7022642E7DD
:10AE5800079C049761E7274B0B9903EBC403544401
:10AE680053E90223002953D000202849F5F7FEFCB6
:10AE7800334656462A46F5F717FACDE91001DDE9BB
:10AE88000201F5F779FE0546F5F75CFB02460B462D
:10AE98003035DDE90201F5F707FA02460B4606F8F8
:10AEA800015BCDE90223DDE91023F5F727FE002831
:10AEB80071D100201149DDE90223F5F7F5F9DDE943
:10AEC8001023F5F71BFE002840F09580A6423FF4BA
:10AED80050AF00220A4BDDE91001F5F79DFB002277
:10AEE800074BCDE91001DDE90201F5F795FBCDE946
:10AEF8000201C4E768E0000840E000080000F03FF5
:10AF08000000244000001C40000014400000E03F06
:10AF1800314656462846F5F77FFB1594CDE91001D2
:10AF2800DDE90201F5F728FE0546F5F70BFB0246B9
:10AF380030350B46DDE90201F5F7B6F906F8015B95
:10AF480002460B46A642CDE902234FF0000224D167
:10AF5800AC4BDDE91001F5F7A9F902460B46DDE92E
:10AF68000201F5F7E9FD002845D10020A549DDE9F2
:10AF78001023F5F799F902460B46DDE90201F5F7CA
:10AF8800BDFD00283FF4F5AE159E731E159316F807
:10AF9800013C302BF8D0049F3EE79B4BF5F73CFB78
:10AFA800CDE90201BCE70CD10022984BDDE9000194
:10AFB800F5F732FBDDE90223F5F7B4FD002800F0D0
:10AFC8005781002425460E9B5646DB4304930027F1
:10AFD8002146584600F0B4FB002DDCD02FB1AF421B
:10AFE80003D03946584600F0ABFB2946584600F0D6
:10AFF800A7FBD0E7049733461E4613F8012D392ADC
:10B0080007D19A45F8D1049A0132049230228AF87D
:10B0180000201A7801321A70BDE700227A4BF5F742
:10B02800FBFA0022002304460D46F5F75DFD0028D3
:10B038003FF4BBAEF0E60B9A002A00F0DB80099AD9
:10B04800012A00F3BF80149A002A00F0B78003F2A7
:10B0580033430A9C4646089A0121584698441A44A4
:10B06800089200F06DFC05465EB1089B002B08DDD8
:10B07800B342089AA8BF3346A8EB0308F61AD31AB6
:10B0880008930A9BF3B10B9B002B00F0B7808CB19F
:10B0980029462246584600F013FD4A460146054611
:10B0A800584600F063FC49460490584600F048FBB7
:10B0B800049B99460A9B1A1B04D04946584600F03F
:10B0C800FFFC81460121584600F03AFC0F9B0446DC
:10B0D800002B00F0CF811A460146584600F0F0FCDC
:10B0E800099B0446012B00F39580029B002B40F03E
:10B0F8008780039BC3F31303002B40F08980039BD5
:10B1080023F000431B0D1B052BB1089B08F1010818
:10B118000133089301230A930F9B002B00F0B081A1
:10B12800236904EB8303186900F0BEFBC0F120001B
:10B13800089B184410F01F0077D0C0F12003042B9F
:10B148006BDDC0F11C00089B80440344064408934F
:10B15800B8F1000F05DD49464246584600F00AFDA1
:10B168008146089B002B05DD21461A46584600F00B
:10B1780001FD0446129B002B59D02146484600F099
:10B1880065FD002853DA7B1E49460A225846049377
:10B19800002300F0F7FA0B9B8146002B00F0728128
:10B1A800002329460A22584600F0ECFA009B05467F
:10B1B800002B67DC099B022B41DC63E0169BC3F183
:10B1C800360346E7079B5C1E0A9BA342B7BF0A9B50
:10B1D8001C1B0F9AE31ABEBF0A940024D218079BBF
:10B1E800B8BF0F92002BB5BFA8EB03064646002355
:10B1F800079B30E70A9C46460B9D35E70A9A5CE7B1
:10B20800002388E70000E03F0000244000001440CD
:10B21800029B80E700230A9382E799D01C33089A9F
:10B228001A4498441E44089292E70346F6E7079B9F
:10B238000497002B20DC0093099B022B1EDD009B4A
:10B24800002B7FF4C0AE21460522584600F09AFA3A
:10B2580001460446484600F0F9FC00287FF7B3AEE3
:10B268003123564606F8013B049B01330493AEE6AE
:10B27800079C04972546F3E7079B00930B9B002B3D
:10B2880000F00481002E05DD29463246584600F0BC
:10B2980071FC05460A9B002B5AD06968584600F095
:10B2A8000FFA064628B9844B024640F2EF21FFF711
:10B2B8005ABB2A6905F10C010C3002329200FFF7E3
:10B2C80098FA01223146584600F054FC0AF101036D
:10B2D8002F4605460793009B53440B93029B03F0AC
:10B2E80001030A93079B21464846013B0093FFF759
:10B2F80093FA3946029000F13008484600F0A6FC5F
:10B308002A4608902146584600F0BCFCC26806460A
:10B3180002BB0146484600F099FC024631465846B1
:10B328000E9200F00DFA099B0E9A079E43EA02015D
:10B338000A9B194310D1B8F1390F29D0089B002B6B
:10B3480002DD029B03F13108009B83F800803FE691
:10B358002846BBE70122E1E7089B002B04DB09999B
:10B368000B430A990B4320D1002AEDDD49460122FF
:10B37800584600F0FFFB2146814600F067FC002894
:10B3880003DCE1D118F0010FDED0B8F1390FD8D1C4
:10B398003923009A137033461E46013B16F8012CD8
:10B3A800392A52D001321A7012E6002A07DDB8F1A4
:10B3B800390FEDD008F10103009A137008E6079BD6
:10B3C800079A03F8018C0B9B934228D04946002327
:10B3D8000A22584600F0D6F9AF4281464FF00003E2
:10B3E8004FF00A023946584607D100F0CBF9074614
:10B3F8000546079B0133079374E700F0C3F9294614
:10B40800074600230A22584600F0BCF90546F0E733
:10B41800009B0027002BCCBF1E46012656444946F8
:10B428000122584600F0A6FB2146814600F00EFC9A
:10B438000028B0DC02D118F0010FACD133461E460B
:10B4480013F8012D302AFAD0C2E59A45A4D1049BFD
:10B458000133049331238AF80030B9E5239BDFF8E0
:10B468005CA01BB10AF10803239A1360504619B077
:10B47800BDE8F08F099B012B7FF737AE0F9B0A932E
:10B48800012055E6009B002B7FF7D6AE5646214695
:10B498004846FFF7C1F900F13008009B06F8018B18
:10B4A800A6EB0A029342B3DD494600230A22584616
:10B4B80000F068F98146EAE7C3DF000847DF0008C3
:10B4C80038B50546002941D051F8043C0C1F002B23
:10B4D800B8BFE41800F0E8F81D4A136833B9636090
:10B4E80014602846BDE8384000F0E4B8A34208D903
:10B4F800206821188B4201BF19685B680918216010
:10B50800EDE71A465B680BB1A342FAD911685018E7
:10B51800A0420BD120680144501811608342E0D149
:10B5280018685B68084453601060DAE702D90C2396
:10B538002B60D6E7206821188B4202BF19685B6828
:10B548000918636008BF21605460CAE738BD00BFAE
:10B558009C2F0020024B0146186800F025B800BF58
:10B568005402002070B50F4E0C460546316811B9DB
:10B5780001F0FEFD30602146284601F0F9FD431C2C
:10B5880003D14FF0FF34204670BDC41C24F00304DF
:10B59800A042F8D0211A284601F0EAFD0130F2D184
:10B5A800EFE700BF982F00202DE9F843CD1C064691
:10B5B80025F0030508350C2D38BF0C25002D01DBBF
:10B5C800A94204D90C2333600020BDE8F883DFF8D2
:10B5D800D48000F069F8D8F800301C4644BB2946EE
:10B5E8003046FFF7BFFF431C044658D1D8F8004047
:10B5F8002746002F43D1002C4BD0236839463046CC
:10B6080004EB030901F0B4FD814542D121683046BD
:10B618006D1A2946FFF7A6FF01303AD023682B445C
:10B628002360D8F800305A6862BBC8F800700FE091
:10B638002268521B20D40B2A17D96119A34225600E
:10B6480018BF5960636808BFC8F8001062514B60A2
:10B65800304600F02FF804F10B00231D20F00700FE
:10B66800C21A1CBF1B1AA350AFE76268A3420CBFE3
:10B67800C8F800205A60EBE723466468AEE73C460A
:10B688007F68B6E71A465B68A342FBD10023536084
:10B69800DEE70C233046336000F00CF894E70560D1
:10B6A800D6E700BF9C2F00200148FFF792B800BFE3
:10B6B800942F00200148FFF78DB800BF942F002079
:10B6C80070B5C66904460D4676B91020FFF742FFEB
:10B6D8000246E06120B9184B6B21184801F060FD63
:10B6E800C0E901660660C660E669F36883B1E3698C
:10B6F800DB6853F82500B8B90121204601FA05F6A0
:10B70800721D920001F06AFD60B1C0E901560EE0B9
:10B7180021220421204601F061FDE369F060DB6825
:10B72800002BE4D1002070BD026843F825200023D7
:10B73800C0E90333F7E700BF54DF0008D4DF00088F
:10B7480070B5C66905460C4676B91020FFF702FFAA
:10B758000246E86120B9094B8F21094801F020FD14
:10B76800C0E901660660C6603CB1EB696268DB68E7
:10B7780053F82210216043F8224070BD54DF0008BE
:10B78800D4DF00082DE9F04101F1140C07460C46FE
:10B798001E460D690020DCF80030013099B2854260
:10B7A80002FB01614FEA13464FEA114389B202FBDB
:10B7B800063301EB03414FEA13464CF8041BEADC5D
:10B7C8000EB3A368AB4219DC616838460131FFF754
:10B7D80077FF804628B902460C4BBA210C4801F085
:10B7E800DFFC226904F10C010C3002329200FFF7F1
:10B7F80000F8214644463846FFF7A2FF04EB8503CC
:10B8080001355E6125612046BDE8F081C3DF00088F
:10B81800D4DF00082DE9F84315461F4609220833EE
:10B828000C460646002193FBF2F301229A4209DBFB
:10B838003046FFF745FF40B90246194BD321194856
:10B8480001F0AEFC52000131F0E7089B092D43617D
:10B858004FF00103036116DD04F109092C44C846C1
:10B8680018F8013B01460A223046303BFFF78AFFB1
:10B87800A045F5D1A5F108044C442D1B6319BB4222
:10B8880004DBBDE8F8830A340925F6E714F8013B20
:10B8980001460A223046303BFFF774FFEEE700BF4F
:10B8A800C3DF0008D4DF0008B0F5803F034636BF89
:10B8B800030400201020B3F1807F3CBF1B02083036
:10B8C800B3F1805F3CBF1B010430B3F1804F3CBF34
:10B8D8009B000230002B05DB13F0804F00F10100C4
:10B8E80008BF202070470368024613F007000BD0FA
:10B8F800D90721D4980747BF5B0801209B0802207D
:10B908004CBF13601360704799B209B91B0C102023
:10B91800D9B209B908301B0A190704BF1B0904303A
:10B92800990704BF9B080230D90703D45B0800F1CC
:10B93800010003D013607047002070472020704733
:10B9480010B50C460121FFF7BBFE024628B9054B8E
:10B9580040F24511044801F023FC012344610361CE
:10B9680010BD00BFC3DF0008D4DF00082DE9F04F89
:10B9780014460A690F4685B023699A42A2BF234636
:10B988000C461F46D4F810A0A368D7F81090616839
:10B998000AEB0906B342B8BF0131FFF791FE30B98F
:10B9A8000246454B4FF4B171444801F0F9FB00F1F0
:10B9B8001405002205EB86082B46434521D307F1E1
:10B9C800140104F1140204F1150702EB8A0201EBD9
:10B9D80089030293131B153B23F003030433BA4274
:10B9E80038BF04230193029B03918B420CD8002E8D
:10B9F80003DD58F8043D002B5BD0066105B0BDE8B7
:10BA0800F08F43F8042BD8E7B1F800A0BAF1000F83
:10BA180024D004F1140EA9464FF0000C5EF8047B04
:10BA2800D9F800301FFA87FB72459BB20AFB0B332B
:10BA38004FEA174BD9F8007063444FEA174C0AFBDA
:10BA48000BC707EB13479BB24FEA174C43EA074370
:10BA580049F8043BE2D8019B45F803C0039B043135
:10BA6800B3F80290B9F1000F21D02B6804F1140C3F
:10BA7800AE464FF0000ABCF800B09BB2BEF80270A8
:10BA880009FB0B77574443EA07434EF8043B5CF83D
:10BA9800043B4FEA134ABEF80030624509FB0A33FB
:10BAA80003EB17434FEA134AE5D8019FEB510435DE
:10BAB80099E7013E9BE700BFC3DF0008D4DF000819
:10BAC8002DE9F843154612F0030207460E4607D043
:10BAD800013A254C002354F82220FFF753FE06466E
:10BAE800AD103DD0FC697CB91020FFF733FD02464C
:10BAF800F86128B91D4B40F2B3111D4801F050FB05
:10BB0800C0E901440460C460D7F81C80D8F8084034
:10BB18004CB940F271213846FFF712FF0023044662
:10BB2800C8F8080003604FF00009EB070AD5314652
:10BB380022463846FFF71AFF8046314638464646C1
:10BB4800FFF7FEFD6D100BD0206838B9224621465C
:10BB58003846FFF70BFF2060C0F800900446E4E782
:10BB68003046BDE8F88300BF30E0000854DF000825
:10BB7800D4DF00082DE9F0470C46074691464FEA06
:10BB8800621A2369496803EB6218A36808F1010681
:10BB9800B3420BDB3846FFF793FD054648B902462A
:10BBA800284B4FF4EF71284801F0FAFA01315B0095
:10BBB800EEE7002300F1140100F110021846534586
:10BBC80033DB2AEAEA7A04F11403206919F01F0921
:10BBD80001EB8A0103EB800C2BD0C9F1200E8A46B9
:10BBE8000022186800FA09F010434AF8040B53F8C9
:10BBF800042B9C4522FA0EF2F3D8ACEB040304F1B3
:10BC08001500153B23F003030433844538BF042390
:10BC1800CA500AB108F10206013E384621462E6193
:10BC2800FFF78EFD2846BDE8F087013342F8040F80
:10BC3800C5E7043953F8042B9C4541F8042FF9D87B
:10BC4800EAE700BFC3DF0008D4DF000803460A693B
:10BC58000069801A30B50ED11433143103EB820415
:10BC680001EB820154F8045D51F8042D954203D08C
:10BC780005D24FF0FF3030BDA342F3D3FBE70120DC
:10BC8800F9E700002DE9F74F8946064611461446A4
:10BC98004846FFF7DBFF051E12D129463046FFF75D
:10BCA8000FFD024628B9414B40F23721404801F0C8
:10BCB80077FA0123C0E90435104603B0BDE8F08FD8
:10BCC800BCBF4B46A1463046B8BF0125D9F8041081
:10BCD800B4BF1C460025FFF7F3FC024618B9334BE6
:10BCE80040F24521E2E7D9F8107004F1140E2669F4
:10BCF80000F1140BC56009F1140509F110030EEBEE
:10BD0800860605EB8708D9464FF0000C0193019B86
:10BD18005EF8040B53F804AF764501931FFA8AF3D3
:10BD2800194683B24FEA1040A1EB0303C0EB1A4057
:10BD3800634400EB23409BB24FEA204C43EA0043A4
:10BD480049F8043BE3D8331B1534153B23F00303B0
:10BD58000433A64238BF04231D445B442C461E46C8
:10BD680044450ED308F10301491B033D21F00301AB
:10BD7800A84538BF00210B4453F8041D99B1176139
:10BD88009AE754F8041BE6461FFA81FC080C714434
:10BD9800F44489B200EB2C4041EA00414FEA204CC0
:10BDA80046F8041BDCE7013FE6E700BFC3DF0008F5
:10BDB800D4DF000882B0114B8DED000B019A1340BF
:10BDC800A3F15073002B08DC5B42B3F1A07F4FEA6C
:10BDD800235204DA4FF400231341002208E0A2F1B1
:10BDE80014031E2BD6BF4FF000420122DA40002375
:10BDF8001946104641EC100B02B070470000F07F66
:10BE08002DE9F041066900F1140808EB860656F89A
:10BE1800042C371F1046FFF747FDC0F120030A28FE
:10BE28000B601D4916DCC0F10B0CB84500F115007C
:10BE380022FA0CF302FA00F043EA010534BF56F87F
:10BE4800083C002323FA0CF303431C4645EC104B33
:10BE5800BDE8F081B8453ABFA6F1080756F8083C96
:10BE680000230B3814D0C0F120018240474523FA43
:10BE780001F403FA00F342EA040242F07F558CBF52
:10BE880057F8042C002245F44015CA401343DCE758
:10BE980042EA0105D9E700BF0000F03F2DE9F7436A
:10BEA8000F460121164659EC108BFFF709FC044692
:10BEB80030B90246234B40F20F31234801F070F9A4
:10BEC800C9F30A55C9F313030DB143F48013019361
:10BED800B8F1000323D068460093FFF704FDDDE9BD
:10BEE8000012D0B1C0F1200302FA03F3C2400B43A1
:10BEF80001926361019B002BA3610CBF0122022206
:10BF08002261A5B1A5F233450544C0F135003D6075
:10BF18003060204603B0BDE8F0836161EAE701A81C
:10BF2800FFF7E1FC019B203001226361E8E7A0F202
:10BF3800324004EB820338601869FFF7B5FCC0EBA8
:10BF48004210E5E7C3DF0008D4DF00082DE9F04F11
:10BF580085B0CDE9001002A9FFF752FF03A90098A8
:10BF680055EC104BFFF74CFF019B2F4620461969F3
:10BF7800009B1B69C91ADDE902325BEC10AB9B1A06
:10BF8800D94603EB4113002BCDBF2A46C3EB03333D
:10BF98005A4602EB0357D8BF02EB035952463946BB
:10BFA8004B46F4F763FC41EC100B05B0BDE8F08F8D
:10BFB800013902F11403491170B501311469051FE3
:10BFC80000EB810103EB8404A3420CD3A31A1132C2
:10BFD800113B23F00303A24288BF00231844002327
:10BFE800884205D370BD53F8046B45F8046FEBE73E
:10BFF80040F8043BF4E700F114024B110069984241
:10C0080010B511DB0ADD11F01F0107D052F82340EB
:10C0180024FA01F000FA01F18C420BD102EB830300
:10C02800934203D8002010BD0346F7E753F8041DD8
:10C038000029F5D00120F6E770B504460D461646EE
:10C0480045EC104BFFF7B6FE51EC100B7EB1C5F373
:10C058000A53C3F16B03002B09DD1B05002403F110
:10C068007F55224605F540152B46F4F7D5FA41ECE5
:10C07800100B70BD000000002DE9F04F9FB00C467A
:10C088004FF0000A4FF0000B1792002205901A9209
:10C098000A46199211782B294AD038D80D2932D856
:10C0A800082932D800293BD000220B92199D2A7802
:10C0B800302A40F0B3806A7802F0DF02582A6ED145
:10C0C800029319A90B9B904A01931AAB0598009308
:10C0D8001BAB01F0FDF810F00F06044605D0062E44
:10C0E80028D10135002319950B93179B002B40F09D
:10C0F8008E850B9BCBB152460BF1004343EC102BC2
:10C108001FB0BDE8F08F2029CED10132C1E72D291B
:10C11800CAD101210B91511C19915278002AC5D11D
:10C12800179B1994002B40F0708552465B46E5E753
:10C138000021EFE71A9A3AB135211CA8FFF738FF1A
:10C148001A990598FFF7FCFA013E1B9A042E06D8A7
:10C15800DFE806F014031D201400DDE91CABE1053F
:10C1680048BF4BF0004B2BF000431B0D1B05002B69
:10C17800BBD1FEF703FB22230360B6E7DDE91CA36E
:10C1880002F2334223F4801343EA025BE7E7DFF865
:10C1980080B1E4E76FF0004B4FF0FF3ADFE7199BFF
:10C1A8005A1C19925B78302BF9D0002B9DD00123B3
:10C1B80009930A22199B0C9300231F4608930A939C
:10C1C80019980578A5F13003D9B2092928D901228F
:10C1D8004E4900F0BBFF002833D000202A463D46D8
:10C1E80081460346652A01D0452A14D11DB9099A0A
:10C1F800024395D00025199C621C199262782B2A5B
:10C2080078D02D2A7CD04FF0000CA2F130010929FA
:10C2180040F2848019944FF00008A4E00023C7E797
:10C22800082F00F1010007F10107D5BF0A99089905
:10C2380002FB013302FB0133D4BF0A930893199020
:10C24800BEE7199B5A1C19925A787FB381463D461E
:10C25800A2F13003092B12D90123C3E7199B01303E
:10C268005A1C19925A78302AF8D0A2F13103082BB7
:10C2780000F2D28481460020199B05460C93303A7F
:10C2880000F101032AD0994400EB050C2B460A2142
:10C2980063450DD1691C01442844082816DC0A9816
:10C2A8000A2303FB00230A93002318E03846DAE741
:10C2B800082B03F1010303DC0A9E4E430A96E7E7C5
:10C2C800102BDEBF089E4E430896E1E70F28EBDCF3
:10C2D80008980A2303FB00230893E5E72946199ADF
:10C2E8000D46501C199018465278B1E74FF00009D6
:10C2F80001237CE74FF0000CA21C1992A27884E776
:10C308004FF0010CF8E700BF48E1000830E10008F1
:10C318000000F07F199A511C19915278302AF9D0EF
:10C32800A2F1310108293FF676AF303A4FF00A08FA
:10C338000E92199A0F92199A561C19965278A2F1D0
:10C34800300EBEF1090F39D90F9944F61F68761AD5
:10C35800082E03DC0E998845A8BF8846BCF1000F5B
:10C3680001D0C8F10008002D4ED1099908437FF487
:10C37800BCAE002B7FF4D4AE692A28D025DC492A2C
:10C3880025D04E2A7FF4CCAE9B4919A801F0C0F9FC
:10C3980000283FF4C5AE199B1B78282B2ED11CAA68
:10C3A800964919A801F0C8F9052827D11D9BDDF881
:10C3B80070A043F0FF4B4BF4E00B96E60E9908FB98
:10C3C8000121A1F130020E92B5E76E2ADAE78C4915
:10C3D80019A801F09DF900283FF4A2AE199B19A8ED
:10C3E8008849013B199301F093F910B9199B01335E
:10C3F8001993DFF820B24FF0000A76E6824800F081
:10C40800C7FE5BEC10AB70E6A8EB0903002F08BF72
:10C418002F46102D0A982C460993A8BF1024F4F72C
:10C4280081F8092D82468B4613DC099B002B3FF4CB
:10C438005CAE099B78DD162B5FDC7449524601EB34
:10C44800C3015B46D1E90001F4F7E6F882468B4662
:10C458004BE66E4B03EBC40353E91223F4F7DCF805
:10C4680082468B460898F4F75DF802460B4650461C
:10C478005946F3F71BFF0F2D82468B46D5DD2C1B43
:10C48800099B1C44002C40F3968014F00F030AD03B
:10C498005E49524601EBC3015B46D1E90001F4F75E
:10C4A800BBF882468B4634F00F0473D0B4F59A7FFC
:10C4B80048DD0024A046A1460A942223059ADFF805
:10C4C80054B14FF0000A13600A9B002B3FF40DAEE5
:10C4D8001A990598FFF734F949460598FFF730F996
:10C4E80041460598FFF72CF90A990598FFF728F9AE
:10C4F80021460598FFF724F9F7E5C5F12503099AC0
:10C508009342BCDBC5F10F05404C52465B4604EB39
:10C51800C501D1E90001F4F77FF8099B5D1B04EB25
:10C52800C504D4E900238FE71633A8DBA9EB080874
:10C53800364B5046594603EBC808D8E90023F4F7B0
:10C5480095F983E7324B2411504659460893002346
:10C558001E46012C21DC0BB182468B462C49ABF1DF
:10C56800547B524601EBC6015B46D1E90001F4F762
:10C5780053F8284B0A4682460B4027498B4298D8E5
:10C58800A1F580118B4286BFDFF890B04FF0FF3ADB
:10C5980002F1547B002308937AE0E20705D5089B53
:10C5A800D3E90023F4F738F80123089A0136641018
:10C5B80008320892CDE7EDD0644214F00F020AD099
:10C5C800124B5046594603EBC203D3E90023F4F754
:10C5D8004DF982468B462411DCD01F2C20DD002427
:10C5E800A046A1460A942223059A4FF0000A4FF06C
:10C5F800000B136068E700BF1BDF000834E1000888
:10C6080013DF00084ADF0008DDE2000868E00008E0
:10C6180040E000080000F07F0000A07CFFFFEF7FF3
:10C6280014F0100350465946A94E18BF6A230893C0
:10C638000023E20704D5D6E90023F3F7EDFF012331
:10C64800641006F10806F4D10BB182468B46089BAC
:10C65800B3B1CBF30A525946C2F16B03002B0FDD7D
:10C668001F2B55DD342B4FF0000ADBBF4FF0FF3393
:10C67800C2F14B024FF05C7B9340D8BF03EA010B39
:10C688000022002350465946F4F72EFA0028A6D176
:10C698000A9B3A460C9900932B460598FFF7BAF87F
:10C6A8000A9000283FF405AF099AA9EB0803002473
:10C6B800002AA046A8BF0023129322EAE273169329
:10C6C8000A9B05985968FEF7FBFF814600283FF44E
:10C6D800F4AE0A9B0C301A6903F10C010232920085
:10C6E800FEF787F81CAA1BA905984BEC10ABCDE9FF
:10C6F8000CABFFF7D3FB1A9000283FF4DEAE012104
:10C708000598FFF71DF9804648B94FF00008D4E6B0
:10C718004FF0FF3202FA03F303EA0A0AB0E71B9D5F
:10C728001C9A002DA9BF129B169BEF18169EB8BF26
:10C738005E1B089BB8BF129FED1A664B1544C2F1E9
:10C748003602013D9D424FDA5B1B01211F2BA2EBF4
:10C7580003023DDC01FA03F3139300231093BD1881
:10C76800089B1644AF421E443B46A8BF2B46B34223
:10C77800A8BF3346002BC2BFED1AF61AFF1A129B48
:10C78800002B16DD41461A460598FFF799F98046B1
:10C798000028BAD001461A9A0598FFF7E7F80E90D4
:10C7A80000283FF48AAE1A990598FEF7C9FF0E9B38
:10C7B8001A93002D1DDC099B002B23DD4946169A90
:10C7C8000598FFF77DF98146E0B94FF0000974E656
:10C7D800C5F17F45139105F57F0505F57B45E235E4
:10C7E80001FA05F31093BAE700231093012313937A
:10C7F800B5E72A461A990598FFF7BCF91A90002858
:10C80800D9D15AE6002E07DD494632460598FFF78A
:10C81800B1F981460028D8D0002F08DD41463A46B4
:10C828000598FFF7A7F9804600283FF446AE4A4628
:10C838001A990598FFF726FA044600283FF43DAEFA
:10C84800C36841460F930023C360FFF7FFF9002830
:10C8580046DA0F9B53EA0A036CD1CBF31303002B80
:10C8680068D12BF000431B0D1B05B3F1D66F61D9BE
:10C87800636913B92369012B5CDD21460122059800
:10C88800FFF778F941460446FFF7E0F9002851DD43
:10C898002BF00043089A1B0D1B05002A6BD0B3F13F
:10C8A800D66F68D8B3F15C7F7FF69DAE0A4B5046D1
:10C8B80059460022F3F7B0FE084B82468B460B40E0
:10C8C800002B7FF405AE2223059A136000E600BF13
:10C8D80060E1000802FCFFFF000050390000F07F13
:10C8E800CDF838B065D10F9ACBF313035AB39E4AEB
:10C8F80093422BD1089B514603B35A469B4B134096
:10C908004FF0FF32B3F1D46F1BD81B0DC3F16B038B
:10C9180002FA03F3994219D1954B0E9A9A4202D121
:10C9280001313FF4CAAD914B4FF0000A0E9A1A40FC
:10C9380002F5801B089B002BB8D1C9E54FF0FF33E7
:10C94800E8E71346E6E753EA0A03A1D0109BDBB1F8
:10C958000E9A1342EED00F9B5046089A5946BBB127
:10C96800FFF76AFBDDE90C0153EC102BF3F79EFC93
:10C9780082468B46DEE7A3F580134FF0FF3A6FEA55
:10C98800135B6FEA0B5BD5E7139B13EA0A0FE1E72A
:10C99800FFF752FBDDE90C0153EC102BF3F784FC95
:10C9A8000022002382468B46F4F79EF80028C1D067
:10C9B80019E641462046FFF7C9FA00224FF08043A6
:10C9C80057EC106B30463946F4F7A2F800286FD0C0
:10C9D8000F9B002B7AD1BAF1000F58D10E9BC3F3ED
:10C9E8001303002B5AD10022624B30463946F4F724
:10C9F80085F8002859D13046394600225E4BF3F7B6
:10CA08000BFE06460F4607F1004306960793574D5F
:10CA1800DDE90623CDE910230E9B1D40574B9D42AF
:10CA280040F0B0800E9BA3F1547B4BEC10ABFFF7AA
:10CA3800C1F9DDE9062351EC100BF3F7EDFD524681
:10CA48005B46F3F733FC0B46484982464C4A19408B
:10CA5800914242D90D9A464B9A4203D10C9B01331D
:10CA68003FF42BADDFF808B14FF0FF3A1A9905985B
:10CA7800FEF766FE49460598FEF762FE41460598B0
:10CA8800FEF75EFE21460598FEF75AFE18E6BAF153
:10CA9800010F03D10E9B002B3FF4A5AD0026354FA7
:10CAA8009FED297B8DED067BB1E70026324FAAE783
:10CAB800314B304639460022F3F7AEFD0F9B064650
:10CAC8000F46002B9FD0CDE90667A0E79FED207B9E
:10CAD80057EC176B8DED067B99E703F1547B089BA8
:10CAE800CDF838B0002BC1D12BF000431B0D1B052E
:10CAF8009D42BBD130463946F4F7D6F8F3F75EFDD0
:10CB080002460B4630463946CBF31306F3F7CCFB07
:10CB18000B46024646EA0A06CDE90C230F9B1E4344
:10CB28006DD00DA3D3E90023F3F7E8FF00287FF4C5
:10CB3800CFAC0BA3D3E90023DDE90C01F3F7FCFF2D
:10CB4800002893D0C4E400BF000000000000F0BF3C
:10CB5800000000000000F03F9535A094FFFFDF3F84
:10CB680035E5AF350000E03FFFFF0F000000F07F24
:10CB7800FFFFEF7F0000F03F0000E03F0000E07F94
:10CB8800FFFF9F7C089B23B3B5F1D46F21D83046B3
:10CB9800394627A3D3E90023F3F7BAFFA0B13946F2
:10CBA8003046F4F711F8012838BF0120F3F7BAFC32
:10CBB8000F9B06460F46FBB901F1004314901593ED
:10CBC800DDE91423CDE91023119B03F1D6635B1B28
:10CBD8001193DDE910AB9DED0C0BFFF7EBF8504618
:10CBE800594653EC102BF3F717FDDDE90C23F3F747
:10CBF8005DFB82468B4672E7CDE91467E0E70EA33A
:10CC0800D3E90023F3F77AFF9AE700230B93199BE4
:10CC1800179A1360FFF76DBA652A3FF467AB452A88
:10CC28003FF464AB0123FFF7A0BB00BFAFF3008064
:10CC38000000C0FFFFFFDF419535A094FFFFCF3F05
:10CC4800014BFFF719BA00BFA4020020242B2DE9DD
:10CC5800F0478646904601D8012B06D1FDF78EFD98
:10CC6800162303600020BDE8F0870D4633482A46A6
:10CC780015F8014B065D16F00806F8D12D2C2DD1BC
:10CC88002C780126951C33F0100209D1302C2AD1BA
:10CC98002A7802F0DF02582A25D16C781023023551
:10CCA80006F1004C00220CF1FF3C1046BCFBF3F9E6
:10CCB80003FB19CAA4F13007092F1BD83C46A3422D
:10CCC80027DD571C07D0814520D301D1A2451DDBA4
:10CCD80000FB0340012215F8014BEBE72B2C04BFA6
:10CCE8002C78951CCFE7002BDAD1302C0CBF082309
:10CCF8000A23D5E7A4F14107192F01D8373CDEE70D
:10CD0800A4F16107192F04D8573CD8E74FF0FF3238
:10CD1800E1E7531C08D122236046CEF80030B8F171
:10CD2800000FA0D0691E06E006B14042B8F1000F1E
:10CD380099D0002AF6D1C8F8001094E789E10008D4
:10CD4800FFF784BF2DE9F0471F468E6882460C46E0
:10CD5800BE4290460B682DD8B1F90C2012F4906FA2
:10CD680026D06569096905EB4505A3EB01097B1C1C
:10CD780005EBD5754B446D109D4238BF1D465305D4
:10CD880027D52946FEF710FC064660B34A462169B6
:10CD9800FDF72FFDA38923F4906343F08003A3815B
:10CDA80026614E446561A5EB090526603E46A560EF
:10CDB800BE4200D93E46324641462068FDF771FC26
:10CDC800A36800209B1BA360236833442360BDE84D
:10CDD800F0872A4600F05DFD06460028E0D121696B
:10CDE8005046FEF76DFB0C234FF0FF30CAF80030B9
:10CDF800A38943F04003A381E9E700002DE9F04F40
:10CE080098468B899DB007461B060D46144610D5DB
:10CE18000B6973B94021FEF7C7FB2860286130B958
:10CE28000C233B604FF0FF301DB0BDE8F08F40236E
:10CE38006B610023CDF80C804FF00109DFF8A08169
:10CE4800099320238DF8293030238DF82A30234682
:10CE58009A4613F8012B0AB1252AF9D1BAEB040B2B
:10CE68000BD05B46224629463846FFF76BFF013058
:10CE780000F0A780099A5A4409929AF80030002BCA
:10CE880000F09F8000234FF0FF320AF1010A04935B
:10CE980007938DF853301A93CDE90523544605229C
:10CEA8004F4814F8011BFDF796FC049AD8B9D00630
:10CEB80044BF20238DF85330110744BF2B238DF82E
:10CEC80053309AF800302A2B15D0079A5446002080
:10CED8004FF00A0C214611F8013B303B092B4BD986
:10CEE800B0B1079214E0A0EB0803A24609FA03F3D5
:10CEF80013430493D2E7039B191D1B68002B03916E
:10CF0800BBBF5B4242F0020207930793B8BF04928B
:10CF180023782E2B0AD163782A2B32D1039B023433
:10CF28001A1D1B6843EAE37303920593DFF8C0A058
:10CF3800032221785046FDF74EFC38B1A0EB0A00D9
:10CF48004022049B013482401343049314F8011BCC
:10CF5800062224488DF82810FDF73DFC002836D01D
:10CF6800214B1BBB039B073323F0070308330393B1
:10CF7800099B334409936AE70CFB02320C460120F3
:10CF8800A8E7002301344FF00A0C19460593204600
:10CF980010F8012B303A092A03D9002BC6D0059185
:10CFA800C4E70CFB012104460123F0E703AB2A4642
:10CFB80004A9384600930D4BFCF780FC421C06463A
:10CFC800D6D1AB895B063FF52DAF09982CE703ABAB
:10CFD8002A4604A938460093044BFCF70BFFEDE7FB
:10CFE80089E2000893E20008C59800084DCD0008C2
:10CFF8008FE20008B1F90C202DE9F041160705462B
:10D008000C4654D44B68002B02DC0B6C002B48DD1B
:10D01800E66A002E45D0002312F480522F68216A58
:10D028002B6030D0626DA389590705D56368D21A81
:10D03800636B0BB1236CD21A0023E66A216A284677
:10D04800B047431CA38906D129681D292BD82A4A31
:10D058000A41D60727D40022D904626022692260D7
:10D0680004D5421C01D12B6803B96065616B2F6040
:10D07800B9B104F14403994202D02846FEF720FAD8
:10D08800002363630DE001232846B0470246501C85
:10D09800C9D12B68002BC6D01D2B01D0162B1DD152
:10D0A8002F60002021E043F040031BB21AE00F6913
:10D0B800002FF6D093070E680F600CBF4B69002352
:10D0C800A6EB07088B60B8F1000FEADD43463A4645
:10D0D800216A2846A66AB047002808DCB4F90C3053
:10D0E80043F040034FF0FF30A381BDE8F0810744CF
:10D0F800A8EB0008E7E700BFFEFFBFDF38B50B6904
:10D1080005460C4613B90025284638BD18B1036AF0
:10D118000BB9FDF72DFAB4F90C30002BF3D0626E81
:10D12800D00704D4990502D4A06DFDF752FB284618
:10D138002146FFF75FFF636E0546DA07E4D4A3894B
:10D148009B05E1D4A06DFDF745FBDDE710B56AB19D
:10D158000139841810F8012B11F8013F9A4203D1C4
:10D16800A04201D0002AF5D1D01A10BD1046FCE724
:10D1780038B50023054D044608462B60F4F7D4F96A
:10D18800431C02D12B6803B1236038BD902F0020C7
:10D198009FED010B704700BF000000000000F87F02
:10D1A8001FB514461A46094B05461B68D86854B97A
:10D1B800074B1C4600910749CDE901342B4600F086
:10D1C800A3FB00F0B3FB044BF4E700BF54020020BC
:10D1D800DDE20008AFE20008A2E2000870B5A1FB9A
:10D1E80002543CB92946FEF7DFF9064628B900265D
:10D1F800304670BD0C220260F9E72A462146FDF749
:10D208006AFAF5E703694A11B3EB611F2DE9F043A8
:10D2180000F1140445DD11F01F0104EB830604EB53
:10D2280082050CD100F110072946B14234D39B1A6C
:10D23800EA1E9B00964238BF0023234415E054F8A9
:10D248002270C1F1200805F1040EA146CF407645B1
:10D25800F44615D89A1A01359200043AAE4238BFFE
:10D268000022A318A75007B104331A1BA3424FEAA0
:10D27800A20208BF0023026108BF4361BDE8F08332
:10D28800DCF800C00CFA08FC4CEA070749F8047BF4
:10D298005EF8047BCF40DAE751F804CB47F804CFB7
:10D2A800C3E72346E1E7A0F13003092B02D8203871
:10D2B800C0B27047A0F16103052B01D84738F7E7E2
:10D2C800A0F14103052B01D82738F1E7002070476A
:10D2D8002DE9F04F85B08A46904602930B6801907D
:10D2E8009C1CA14614F8010B3028FAD0A9EB0303C3
:10D2F800A3F1020BFFF7D7FF0546002866D10122EC
:10D308009E494846FFF722FF0746002865D199F84D
:10D3180001002646FFF7C7FF002860D0234618788B
:10D32800994601333028FAD0FFF7BDFFB0FA80F5EF
:10D338004FF0010B6D094A46164601323078FFF767
:10D34800B2FF0028F8D101228C493046FFF7FEFED3
:10D3580000283ED144B9741C224616460132307862
:10D36800FFF7A1FF0028F8D1A41BA700337803F02A
:10D37800DF03502B3DD173782B2B32D02D2B33D09C
:10D38800711C00240878FFF78EFF431EDBB2182BB0
:10D398002FD8A0F1100211F8010FFFF784FF00F158
:10D3A800FF3C0A235FFA8CFCBCF1180F1ED904B1AC
:10D3B80052421744CAF80010EDB1BBF1000F0CBF80
:10D3C80006250025284605B0BDE8F08F00252C4627
:10D3D800B1E7002CC8D12746C8E74E462F4601259D
:10D3E800C4E70024B11CCDE70124FBE703FB0200DE
:10D3F800CFE73146DEE7A6EB09032946013B072BB9
:10D408000ADC0198FEF75CF9044640B95C4B024619
:10D41800E4215C48FFF7C4FE01315B10EFE700F13F
:10D42800140A002355469B46B14537D345F804BB3B
:10D43800A5EB0A055846AD1025616D01FEF734FAD3
:10D44800D8F800602D1AB54254DDAD1B2046294698
:10D45800FEF7D1FD814678B16B1E4FF001095911D5
:10D4680003F01F025AF8211009FA02F20A4203D007
:10D478004B4536DC4FF002092F4429462046FFF77A
:10D48800C1FED8F80830BB4242DA21460198FEF7BF
:10D4980057F900230E9AA325136093E716F8012D78
:10D4A8002E2A12D0202B04D145F804BB4FF0000BD4
:10D4B8005B4630780393FFF7F6FE039B00F00F00FE
:10D4C800984004334BEA000BAEE7B145EAD8012295
:10D4D8002A4930460393FFF739FE039B0028E1D120
:10D4E800A2E7A91E2046FEF786FD0028C2D04FF00D
:10D4F8000309C1E709DA751B214601982A467F1BF3
:10D50800FEF738FB044600F1140A4FF00009B8E7AB
:10D51800D8F80450BD426FDDED1BAE4234DCD8F8BC
:10D528000C30022B22D0032B24D0012B15D1AE4274
:10D5380013D1012E0BD1D8F804306225029A13605A
:10D5480001232361CAF800300E9B1C603AE7711E64
:10D558002046FEF750FD0028EDD121460198FEF740
:10D56800EFF800230E9A502513602BE70F9B002B32
:10D57800F3D1E0E70F9B002BDDD1EEE730E10008A7
:10D58800C3DF0008DEE200086F1EB9F1000F30D1DA
:10D5980027B139462046FEF72EFD81467A11012330
:10D5A80007F01F0729465AF822202046BB40761B61
:10D5B8000225134218BF49F00209FFF723FED8F8E5
:10D5C8000470B9F1000F47D0D8F80C30022B15D0F1
:10D5D800032B17D0012B09D119F0020F06D0DAF866
:10D5E800003049EA030919F0010F0ED145F0100582
:10D5F80032E04FF00109D1E70125E2E70F9BC3F1C3
:10D6080001030F930F9B002BF0D0D4F810B004F156
:10D6180014034FF0000C4FEA8B0A03EB8B011846FA
:10D6280053F8042BB2F1FF3F1BD001320260022DE8
:10D6380004F114033CD1D8F80020013AB24209D1D0
:10D648007111012206F01F0653F8213002FA06F67E
:10D658001E423AD145F020050E9B1C60029B1F60BC
:10D66800B0E6994243F804CCD9D8A3689B4517DBA8
:10D67800616801980131FEF723F8814618B91A4B01
:10D6880002468421C5E6226904F10C010C300232FD
:10D698009200FDF7AEF821464C460198FEF750F887
:10D6A80023695A1C04EB8303226101225A61BEE7F5
:10D6B80022695A450BDD01212046FFF7A3FD0137FA
:10D6C800D8F80830BB42FFF6E0AE0125C2E716F0F5
:10D6D8001F06FAD05344C6F1200653F8040CFEF78F
:10D6E800E3F8B042E7DBF0E7C3DF0008C2F1080265
:10D6F800920070B5C2F120064368046803FA06F583
:10D70800D3402C43046040F8043F8842F4D370BDF2
:10D718000368013330B511F8014B14B903600120D7
:10D7280030BD13F8012BA2F14105192D98BF203205
:10D73800A242F0D00020F3E70B6801682DE9F04F12
:10D748005E1113F01F034FF0000587B002EB860649
:10D7580082469046AB4618BF043601930295371FA0
:10D7680046F8045CB9463C464B1C4A78039342B3DE
:10D77800104605910492FFF796FD002851D1049AAE
:10D788000599202A18D8029B9B4513DD4C4506D2E3
:10D79800072D04DC2A4649462046FFF7A7FF4445E3
:10D7A80051D90023A4F10409CDF808B044F8043C89
:10D7B8001D464C460399D7E7292A56D10231CAF8A3
:10D7C8000010BBF1000F50D04C4506D2072D04DCE9
:10D7D8002A4649462046FFF789FF444535D9A8F12E
:10D7E8000402234653F8041B9F4242F8041FF9D24F
:10D7F8003B1B033E0134002223F003030433B442ED
:10D8080088BF0423434443F8042B9F42FBD23B6860
:10D818001BB9474527D101233B60052007B0BDE868
:10D82800F08F01350BF1010B082D05DD4445C1D9F9
:10D838000023043C01252360226800F00F0040EA21
:10D8480002102060B6E70825B4E7019B002BDED064
:10D85800C3F120034FF0FF32DA4056F8043C13407E
:10D8680046F8043CD3E7043FD1E70420D6E782B06A
:10D8780001B901A942B14BB113780B601278101E9F
:10D8880018BF012002B070471046FBE76FF0010097
:10D89800F8E72DE9F041804615460C4621B91146B6
:10D8A800BDE8F041FDF780BE2AB9FDF709FE002466
:10D8B8002046BDE8F08100F040F88542064602D8CF
:10D8C800B5EB500FF4D829464046FDF76DFE0746E4
:10D8D8000028ECD0B5422A46214628BF3246FCF73C
:10D8E80088FF214640463C46FDF7EAFDE0E703464F
:10D8F800084641B1FF2A04D98A224FF0FF301A6046
:10D90800704701200A7070470EB403B503AB014697
:10D91800054853F8042B0068019300F03FF802B063
:10D928005DF804EB03B0704754020020062008B5E8
:10D9380000F008FA0120F3F7C7FD51F8043C181F5E
:10D94800002BBCBF0B58C01870479368013B002BD5
:10D95800936010B408DA9469A34201DB0A2903D161
:10D968005DF8044B00F032B91368581C1060084683
:10D9780019705DF8044B7047F8B506460F46144613
:10D98800D518AC4201D1002007E03A4614F8011B33
:10D998003046FFF7DAFF431CF3D1F8BD2DE9F04F0D
:10D9A8000D469DB014469846064618B1036A0BB951
:10D9B800FCF7DEFD6B6ED90705D4AB899A0502D456
:10D9C800A86DFCF706FFAB891B0701D52B699BB92E
:10D9D8002946304600F038F970B16B6EDC0704D583
:10D9E8004FF0FF301DB0BDE8F08FAB899805F7D434
:10D9F800A86DFCF7EFFEF3E70023CDF80C804FF09D
:10DA08000109DFF8B481099320238DF829303023E8
:10DA18008DF82A3023469A4613F8012B0AB1252A95
:10DA2800F9D1BAEB040B0BD05B46224629463046A7
:10DA3800FFF7A2FF013000F0A780099A5A44099223
:10DA48009AF80030002B00F09F8000234FF0FF323F
:10DA58000AF1010A049307938DF853301A93CDE91C
:10DA6800052354460522544814F8011BFCF7B3FE5D
:10DA7800049AD8B9D10644BF20238DF85330130730
:10DA880044BF2B238DF853309AF800302A2B15D039
:10DA9800079A544600204FF00A0C214611F8013B22
:10DAA800303B092B4BD9B0B1079214E0A0EB080327
:10DAB800A24609FA03F313430493D2E7039B191D03
:10DAC8001B68002B0391BBBF5B4242F00202079325
:10DAD8000793B8BF049223782E2B0AD163782A2B98
:10DAE80032D1039B02341A1D1B6843EAE373039285
:10DAF8000593DFF8D4A0032221785046FCF76BFE8B
:10DB080038B1A0EB0A004022049B01348240134341
:10DB1800049314F8011B062228488DF82810FCF7F6
:10DB28005AFE00283FD0264B1BBB039B073323F02C
:10DB3800070308330393099B3B4409936AE70CFBEB
:10DB480002320C460120A8E7002301344FF00A0CEA
:10DB580019460593204610F8012B303A092A03D9B3
:10DB6800002BC6D00591C4E70CFB01210446012314
:10DB7800F0E703AB2A4604A930460093114BFBF7A4
:10DB88009DFE0746781CD6D16B6ED90705D4AB89A4
:10DB98009A0502D4A86DFCF71DFEAB895B063FF51C
:10DBA8001FAF09981EE703AB2A4604A93046009325
:10DBB800044BFCF71FF9E4E789E2000893E2000848
:10DBC800C598000881D900088FE20008F8B50E460C
:10DBD8001446054618B1036A0BB9FCF7C9FCA369DA
:10DBE800A360A3891A0701D5236943B921462846AA
:10DBF80000F02AF818B14FF0FF373846F8BD23680F
:10DC0800F6B222693746981A6369834205DC2146D1
:10DC18002846FFF773FA0028EDD1A368013BA360FB
:10DC280023685A1C22601E70431C62699A4204D001
:10DC3800A389DB07E1D50A2EDFD121462846FFF765
:10DC48005DFA0028D9D0D6E738B5294B05460C46E9
:10DC5800186818B1036A0BB9FCF78AFCB4F90C30E0
:10DC6800190722D4DA0607D409222A6043F04003B0
:10DC78004FF0FF30A38133E0580712D5616B41B1F3
:10DC880004F14403994202D02846FDF719FC002309
:10DC98006363A38923F02403A381002363602369BA
:10DCA8002360A38943F00803A38123694BB9A3899F
:10DCB80003F42073B3F5007F03D02146284600F013
:10DCC80082F8B4F90C3013F001020AD00022A260E5
:10DCD80062695242A261226942B913F08000C5D13B
:10DCE80038BD990758BF6269A260F4E70020F7E7DA
:10DCF800540200201F2938B505460C4604D91623BE
:10DD080003604FF0FF3038BDC26B12B152F82130BA
:10DD18004BB9284600F030F8224601462846BDE8AF
:10DD2800384000F017B8012B0AD0591C03D116232C
:10DD380003600120E7E70021204642F824109847B5
:10DD48000020E0E7024B01461868FFF7D3BF00BF89
:10DD58005402002038B50023064D044608461146F3
:10DD68002B60F3F7A7FB431C02D12B6803B1236098
:10DD780038BD00BF902F0020F3F79ABB70B50C4652
:10DD8800B1F90E1096B0154600291E460CDAA38983
:10DD9800002113F0800F14BF40234FF4806300204C
:10DDA80031602B6016B070BD6A4600F049F8002853
:10DDB800EDDB019901F47041A1F500535942594135
:10DDC8004FF48063EBE78B89F7B59D0706460C4651
:10DDD80007D504F14703236023610123636103B07E
:10DDE800F0BD01AB6A46FFF7C9FF009F0546304604
:10DDF8003946FDF7D9FB48B9B4F90C309A05EED489
:10DE080023F0030343F00203A381E2E7A389206020
:10DE180043F08003A381019BC4E904075BB1B4F913
:10DE28000E10304600F01EF828B1A38923F0030332
:10DE380043F00103A381A3891D43A581CFE7000017
:10DE480038B50023064D0446084611462B60F3F703
:10DE580061FB431C02D12B6803B1236038BD00BFAE
:10DE6800902F002038B50023054D044608462B6046
:10DE7800F3F756FB431C02D12B6803B1236038BD6E
:10DE8800902F0020F8B500BFF8BC08BC9E4670472C
:0CDE9800F8B500BFF8BC08BC9E467047FF
:10DEA8000000000000000000010203040607080942
:10DEB8000001020304050607080C1014182030405E
:10DEC80053544D6963726F656C656374726F6E69E4
:10DED8006373000053544D33322056697274756170
:10DEE8006C20436F6D506F727400000043444320F0
:10DEF800436F6E666967000043444320496E74654A
:10DF0800726661636500494E4600696E66004E415F
:10DF18004E006E616E0030003031323334353637A2
:10DF2800383941424344454600303132333435367E
:10DF38003738396162636465660065256C64004939
:10DF48006E66696E697479004E614E005245454EA1
:10DF580054206D616C6C6F632073756363656564D1
:10DF68006564002F6275696C642F676E752D746F18
:10DF78006F6C732D666F722D73746D33325F31322F
:10DF88002E332E72656C312E3230323430393236BF
:10DF98002D313731352F7372632F6E65776C696257
:10DFA8002F6E65776C69622F6C6962632F73746476
:10DFB8006C69622F64746F612E630042616C6C6FD0
:10DFC8006320737563636565646564002F627569B2
:10DFD8006C642F676E752D746F6F6C732D666F721E
:10DFE8002D73746D33325F31322E332E72656C317E
:10DFF8002E32303234303932362D313731352F73B5
:10E0080072632F6E65776C69622F6E65776C6962D3
:10E018002F6C6962632F7374646C69622F6D707200
:10E0280065632E6300000000050000001900000071
:10E038007D000000000000000080E03779C3414304
:10E04800176E05B5B5B89346F5F93FE9034F384D56
:10E05800321D30F94877825A3CBF737FDD4F157502
:10E06800000000000000F03F000000000000244015
:10E0780000000000000059400000000000408F40F0
:10E08800000000000088C34000000000006AF8405B
:10E098000000000080842E4100000000D01263417F
:10E0A8000000000084D797410000000065CDCD41F5
:10E0B800000000205FA00242000000E876483742D6
:10E0C800000000A2941A6D42000040E59C30A24274
:10E0D8000000901EC4BCD64200003426F56B0C43E9
:10E0E8000080E03779C3414300A0D8855734764390
:10E0F80000C84E676DC1AB43003D9160E458E143F1
:10E10800408CB5781DAF154450EFE2D6E41A4B4465
:10E1180092D54D06CFF08044F64AE1C7022DB544AA
:10E12800B49DD9794378EA442E00000034000000F9
:10E13800CEFBFFFFCB030000010000000000000041
:10E1480035000000CEFBFFFFCB03000001000000FC
:10E158000000000000000000BC89D897B2D29C3CA7
:10E1680033A7A8D523F649393DA7F444FD0FA532B6
:10E178009D978CCF08BA5B25436FAC64280668115D
:10E18800002020202020202020202828282828207F
:10E198002020202020202020202020202020202077
:10E1A80020881010101010101010101010101010DF
:10E1B80010040404040404040404041010101010CF
:10E1C8001010414141414141010101010101010199
:10E1D80001010101010101010101010110101010EB
:10E1E800101042424242424202020202020202026B
:10E1F80002020202020202020202020210101010BF
:10E2080020000000000000000000000000000000E6
:10E2180000000000000000000000000000000000F6
:10E2280000000000000000000000000000000000E6
:10E2380000000000000000000000000000000000D6
:10E2480000000000000000000000000000000000C6
:10E2580000000000000000000000000000000000B6
:10E2680000000000000000000000000000000000A6
:10E278000000000000000000000000000000000096
:10E2880000232D302B2000686C4C006566674546DE
:10E2980047004300504F534958002C2066756E6361
:10E2A80074696F6E3A2000617373657274696F6E7A
:10E2B8002022257322206661696C65643A206669AC
:10E2C8006C6520222573222C206C696E65202564DC
:10E2D800257325730A002F6275696C642F676E7544
:10E2E8002D746F6F6C732D666F722D73746D33326E
:10E2F8005F31322E332E72656C312E32303234302B
:10E308003932362D313731352F7372632F6E657779
:10E318006C69622F6E65776C69622F6C6962632F16
:10E328007374646C69622F6764746F612D676574B8
:08E338006865782E6300000007
:08E34000581FFF7F01000000DF
:04E348007D0200084A
:04E34C00590200086A
:10E350000090D003DF07010005000000000000006E
:10E36000000000001D18000800000000DF07010089
:10E370000F00000000000000000000001D18000851
:10E3800000000000E0072200101300000000000061
:10E39000000000001519000801100000E10722002C
:10E3A0001C1E0000000000000000000045190008CD
:10E3B00001110000DF07010006000000000000005E
:10E3C000000000007118000800000000DF070100D5
:10E3D0000B00000000000000000000000118000811
:10E3E00000000000DF0701000C000000000000003A
:10E3F000000000000918000800000000DF0701000D
:10E400000D000000000000000000000005180008DA
:10E4100000000000DF0701000E0000000000000007
:10E4200000000000C518000800000000DF07010020
:10E43000110000000000000000000000E1170008CB
:10E4400000000000DF0701003400000000000000B1
:10E4500000000000A118000800000000DF07010014
:10E460003C00000000000000000000004918000807
:10E4700000000000DF070100440000000000000071
:10E4800000000000F518000800000000DF07010090
:10E49000450000000000000000000000E117000837
:10E4A000000000000100000010000000090243000D
:10E4B000020100C03209040000010202010005242B
:10E4C00000100105240100010424020205240600B5
:10E4D000010705820308001009040100020A000078
:10E4E000000705010240000007058102400000000E
:10E4F0009D8500083D85000841840008000000005B
:10E50000C5820008D98300089D8300080000000030
:10E510000000000000000000558300080D83000883
:10E5200079860008FD8200080A060002000000400B
:10E5300001000000B9870008798700087D8700087E
:10E5400085870008818700081A030000000000008A
:10E5500000000000000000000000000000000000BB
:10E56000000000000403090412010002020200403E
:10E57000830440570002010203010000E1900008FB
:10E58000ED900008F99000081591000869910008C5
:10E59000319100084D9100080000000003000000C8
:10E5A000542E00205802002000000000542E0020AD
:10E5B000BC2E0020242F00200000000000000000DE
:10E5C000000000000000000000000000000000004B
:10E5D000000000000000000000000000000000003B
:10E5E000000000000000000000000000000000002B
:10E5F00000000000430000000000000000000000D8
:10E60000000000000000000000000000000000000A
:10E6100000000000430000000000000000000000B7
:10E6200000000000000000000000000000000000EA
:10E630000000000043000000000000000000000097
:10E6400000000000000000000000000000000000CA
:10E650000000000043000000000000000000000077
:10E6600000000000000000000000000000000000AA
:10E670000000000043000000000000000000000057
:10E68000000000000000000000000000000000008A
:10E690000000000043000000000000000000000037
:10E6A000000000000000000000000000000000006A
:10E6B0000000000043000000000000000000000017
:10E6C000000000000000000000000000000000004A
:10E6D00000000000F7D8000877D80008000000000C
:10E6E00088E1000830E10008DDE20008DDE2000812
:10E6F000DDE20008DDE20008DDE20008DDE20008FE
:10E70000DDE20008DDE20008DDE20008FFFFFFFFB8
:10E71000FFFFFFFFFFFFFFFFFFFF0000010041536E
:10E720004349490000000000000000000000000014
:10E730000000000000000000000000000000415345
:10E7400043494900000000000000000000000000F4
:10E7500000000000000000000000000000000000B9
:040000050800177563
:00000001FF
